BuildingIndex,Year,Month,Day,Hour,Quarter,DayOfWeek,Holiday,HighestTemp,Weather,Demand
1,2019,1,1,0,0,1,1,-8.1,1,4152
1,2019,1,1,0,1,2,1,-2.7,1,4164
1,2019,1,1,0,2,2,1,-2.7,1,4144
1,2019,1,1,0,3,2,1,-2.7,1,4140
1,2019,1,1,1,0,2,1,-2.7,1,4180
1,2019,1,1,1,1,2,1,-2.7,1,4172
1,2019,1,1,1,2,2,1,-2.7,1,1900
1,2019,1,1,1,3,2,1,-2.7,1,1908
1,2019,1,1,2,0,2,1,-2.7,1,1908
1,2019,1,1,2,1,2,1,-2.7,1,1920
1,2019,1,1,2,2,2,1,-2.7,1,1908
1,2019,1,1,2,3,2,1,-2.7,1,1908
1,2019,1,1,3,0,2,1,-2.7,1,1896
1,2019,1,1,3,1,2,1,-2.7,1,1908
1,2019,1,1,3,2,2,1,-2.7,1,1888
1,2019,1,1,3,3,2,1,-2.7,1,1920
1,2019,1,1,4,0,2,1,-2.7,1,1912
1,2019,1,1,4,1,2,1,-2.7,1,1924
1,2019,1,1,4,2,2,1,-2.7,1,1920
1,2019,1,1,4,3,2,1,-2.7,1,1908
1,2019,1,1,5,0,2,1,-2.7,1,1888
1,2019,1,1,5,1,2,1,-2.7,3,1896
1,2019,1,1,5,2,2,1,-2.7,3,1908
1,2019,1,1,5,3,2,1,-2.7,3,1900
1,2019,1,1,6,0,2,1,-2.7,3,1920
1,2019,1,1,6,1,2,1,-2.7,3,1916
1,2019,1,1,6,2,2,1,-2.7,3,1908
1,2019,1,1,6,3,2,1,-2.7,3,1908
1,2019,1,1,7,0,2,1,-2.7,3,1900
1,2019,1,1,7,1,2,1,-2.7,3,1892
1,2019,1,1,7,2,2,1,-2.7,3,1908
1,2019,1,1,7,3,2,1,-2.7,3,1920
1,2019,1,1,8,0,2,1,-2.7,3,1920
1,2019,1,1,8,1,2,1,-2.7,3,1896
1,2019,1,1,8,2,2,1,-2.7,3,1900
1,2019,1,1,8,3,2,1,-2.7,3,1900
1,2019,1,1,9,0,2,1,-2.7,3,1908
1,2019,1,1,9,1,2,1,-2.7,3,1908
1,2019,1,1,9,2,2,1,-2.7,3,1920
1,2019,1,1,9,3,2,1,-2.7,3,1912
1,2019,1,1,10,0,2,1,-2.7,3,1912
1,2019,1,1,10,1,2,1,-2.7,4,1892
1,2019,1,1,10,2,2,1,-2.7,4,1908
1,2019,1,1,10,3,2,1,-2.7,4,1908
1,2019,1,1,11,0,2,1,-2.7,4,1908
1,2019,1,1,11,1,2,1,-2.7,3,1900
1,2019,1,1,11,2,2,1,-2.7,3,1920
1,2019,1,1,11,3,2,1,-2.7,3,1920
1,2019,1,1,12,0,2,1,-2.7,3,1896
1,2019,1,1,12,1,2,1,-2.7,2,1908
1,2019,1,1,12,2,2,1,-2.7,2,1908
1,2019,1,1,12,3,2,1,-2.7,2,1908
1,2019,1,1,13,0,2,1,-2.7,2,1884
1,2019,1,1,13,1,2,1,-2.7,3,1908
1,2019,1,1,13,2,2,1,-2.7,3,1908
1,2019,1,1,13,3,2,1,-2.7,3,1908
1,2019,1,1,14,0,2,1,-2.7,3,1896
1,2019,1,1,14,1,2,1,-2.7,2,1896
1,2019,1,1,14,2,2,1,-2.7,2,3288
1,2019,1,1,14,3,2,1,-2.7,2,3300
1,2019,1,1,15,0,2,1,-2.7,2,3300
1,2019,1,1,15,1,2,1,-2.7,2,3300
1,2019,1,1,15,2,2,1,-2.7,2,3304
1,2019,1,1,15,3,2,1,-2.7,2,3300
1,2019,1,1,16,0,2,1,-2.7,2,3312
1,2019,1,1,16,1,2,1,-2.7,2,3292
1,2019,1,1,16,2,2,1,-2.7,2,3124
1,2019,1,1,16,3,2,1,-2.7,2,3124
1,2019,1,1,17,0,2,1,-2.7,2,3084
1,2019,1,1,17,1,2,1,-2.7,1,3100
1,2019,1,1,17,2,2,1,-2.7,1,3112
1,2019,1,1,17,3,2,1,-2.7,1,3120
1,2019,1,1,18,0,2,1,-2.7,1,3140
1,2019,1,1,18,1,2,1,-2.7,1,3108
1,2019,1,1,18,2,2,1,-2.7,1,3120
1,2019,1,1,18,3,2,1,-2.7,1,3096
1,2019,1,1,19,0,2,1,-2.7,1,3132
1,2019,1,1,19,1,2,1,-2.7,4,3108
1,2019,1,1,19,2,2,1,-2.7,4,3120
1,2019,1,1,19,3,2,1,-2.7,4,3132
1,2019,1,1,20,0,2,1,-2.7,4,3132
1,2019,1,1,20,1,2,1,-2.7,1,3132
1,2019,1,1,20,2,2,1,-2.7,1,3132
1,2019,1,1,20,3,2,1,-2.7,1,3144
1,2019,1,1,21,0,2,1,-2.7,1,3160
1,2019,1,1,21,1,2,1,-2.7,1,3180
1,2019,1,1,21,2,2,1,-2.7,1,3144
1,2019,1,1,21,3,2,1,-2.7,1,3168
1,2019,1,1,22,0,2,1,-2.7,1,3168
1,2019,1,1,22,1,2,1,-2.7,1,3144
1,2019,1,1,22,2,2,1,-2.7,1,3180
1,2019,1,1,22,3,2,1,-2.7,1,3156
1,2019,1,1,23,0,2,1,-2.7,1,2776
1,2019,1,1,23,1,2,1,-2.7,1,2772
1,2019,1,1,23,2,2,1,-2.7,1,2796
1,2019,1,1,23,3,2,1,-2.7,1,2808
1,2019,1,2,0,0,2,4,-2.7,1,2796
1,2019,1,2,0,1,3,2,-3.9,1,2808
1,2019,1,2,0,2,3,2,-3.9,1,2796
1,2019,1,2,0,3,3,2,-3.9,1,2808
1,2019,1,2,1,0,3,2,-3.9,1,2800
1,2019,1,2,1,1,3,2,-3.9,1,2788
1,2019,1,2,1,2,3,2,-3.9,1,2808
1,2019,1,2,1,3,3,2,-3.9,1,2808
1,2019,1,2,2,0,3,2,-3.9,1,2800
1,2019,1,2,2,1,3,2,-3.9,1,2796
1,2019,1,2,2,2,3,2,-3.9,1,2784
1,2019,1,2,2,3,3,2,-3.9,1,2808
1,2019,1,2,3,0,3,2,-3.9,1,2816
1,2019,1,2,3,1,3,2,-3.9,1,2808
1,2019,1,2,3,2,3,2,-3.9,1,2784
1,2019,1,2,3,3,3,2,-3.9,1,2772
1,2019,1,2,4,0,3,2,-3.9,1,2784
1,2019,1,2,4,1,3,2,-3.9,1,2788
1,2019,1,2,4,2,3,2,-3.9,1,2796
1,2019,1,2,4,3,3,2,-3.9,1,2796
1,2019,1,2,5,0,3,2,-3.9,1,2792
1,2019,1,2,5,1,3,2,-3.9,2,2784
1,2019,1,2,5,2,3,2,-3.9,2,2832
1,2019,1,2,5,3,3,2,-3.9,2,2800
1,2019,1,2,6,0,3,2,-3.9,2,2796
1,2019,1,2,6,1,3,2,-3.9,2,2808
1,2019,1,2,6,2,3,2,-3.9,2,2776
1,2019,1,2,6,3,3,2,-3.9,2,2784
1,2019,1,2,7,0,3,2,-3.9,2,2784
1,2019,1,2,7,1,3,2,-3.9,2,2788
1,2019,1,2,7,2,3,2,-3.9,2,2808
1,2019,1,2,7,3,3,2,-3.9,2,2820
1,2019,1,2,8,0,3,2,-3.9,2,2812
1,2019,1,2,8,1,3,2,-3.9,1,2788
1,2019,1,2,8,2,3,2,-3.9,1,2780
1,2019,1,2,8,3,3,2,-3.9,1,2760
1,2019,1,2,9,0,3,2,-3.9,1,2796
1,2019,1,2,9,1,3,2,-3.9,1,2760
1,2019,1,2,9,2,3,2,-3.9,1,2796
1,2019,1,2,9,3,3,2,-3.9,1,2784
1,2019,1,2,10,0,3,2,-3.9,1,2784
1,2019,1,2,10,1,3,2,-3.9,1,4152
1,2019,1,2,10,2,3,2,-3.9,1,4104
1,2019,1,2,10,3,3,2,-3.9,1,6388
1,2019,1,2,11,0,3,2,-3.9,1,6372
1,2019,1,2,11,1,3,2,-3.9,1,6120
1,2019,1,2,11,2,3,2,-3.9,1,6124
1,2019,1,2,11,3,3,2,-3.9,1,6132
1,2019,1,2,12,0,3,2,-3.9,1,6132
1,2019,1,2,12,1,3,2,-3.9,1,6144
1,2019,1,2,12,2,3,2,-3.9,1,5808
1,2019,1,2,12,3,3,2,-3.9,1,5808
1,2019,1,2,13,0,3,2,-3.9,1,5796
1,2019,1,2,13,1,3,2,-3.9,1,5772
1,2019,1,2,13,2,3,2,-3.9,1,5784
1,2019,1,2,13,3,3,2,-3.9,1,5784
1,2019,1,2,14,0,3,2,-3.9,1,5784
1,2019,1,2,14,1,3,2,-3.9,1,5768
1,2019,1,2,14,2,3,2,-3.9,1,5784
1,2019,1,2,14,3,3,2,-3.9,1,5796
1,2019,1,2,15,0,3,2,-3.9,1,5796
1,2019,1,2,15,1,3,2,-3.9,1,5800
1,2019,1,2,15,2,3,2,-3.9,1,5808
1,2019,1,2,15,3,3,2,-3.9,1,5784
1,2019,1,2,16,0,3,2,-3.9,1,5784
1,2019,1,2,16,1,3,2,-3.9,1,5780
1,2019,1,2,16,2,3,2,-3.9,1,5808
1,2019,1,2,16,3,3,2,-3.9,1,5772
1,2019,1,2,17,0,3,2,-3.9,1,5808
1,2019,1,2,17,1,3,2,-3.9,1,5808
1,2019,1,2,17,2,3,2,-3.9,1,5808
1,2019,1,2,17,3,3,2,-3.9,1,5772
1,2019,1,2,18,0,3,2,-3.9,1,5788
1,2019,1,2,18,1,3,2,-3.9,1,5808
1,2019,1,2,18,2,3,2,-3.9,1,5812
1,2019,1,2,18,3,3,2,-3.9,1,5820
1,2019,1,2,19,0,3,2,-3.9,1,5808
1,2019,1,2,19,1,3,2,-3.9,1,5796
1,2019,1,2,19,2,3,2,-3.9,1,5800
1,2019,1,2,19,3,3,2,-3.9,1,5812
1,2019,1,2,20,0,3,2,-3.9,1,5820
1,2019,1,2,20,1,3,2,-3.9,1,5788
1,2019,1,2,20,2,3,2,-3.9,1,5800
1,2019,1,2,20,3,3,2,-3.9,1,5796
1,2019,1,2,21,0,3,2,-3.9,1,5788
1,2019,1,2,21,1,3,2,-3.9,1,4432
1,2019,1,2,21,2,3,2,-3.9,1,4464
1,2019,1,2,21,3,3,2,-3.9,1,4476
1,2019,1,2,22,0,3,2,-3.9,1,4432
1,2019,1,2,22,1,3,2,-3.9,1,4468
1,2019,1,2,22,2,3,2,-3.9,1,4460
1,2019,1,2,22,3,3,2,-3.9,1,4472
1,2019,1,2,23,0,3,2,-3.9,1,4440
1,2019,1,2,23,1,3,2,-3.9,1,4432
1,2019,1,2,23,2,3,2,-3.9,1,4452
1,2019,1,2,23,3,3,2,-3.9,1,4440
1,2019,1,3,0,0,3,2,-3.9,1,4464
1,2019,1,3,0,1,4,4,5.4,1,4452
1,2019,1,3,0,2,4,4,5.4,1,4452
1,2019,1,3,0,3,4,4,5.4,1,2688
1,2019,1,3,1,0,4,4,5.4,1,1824
1,2019,1,3,1,1,4,4,5.4,1,1836
1,2019,1,3,1,2,4,4,5.4,1,1824
1,2019,1,3,1,3,4,4,5.4,1,1836
1,2019,1,3,2,0,4,4,5.4,1,1848
1,2019,1,3,2,1,4,4,5.4,1,1824
1,2019,1,3,2,2,4,4,5.4,1,1812
1,2019,1,3,2,3,4,4,5.4,1,1824
1,2019,1,3,3,0,4,4,5.4,1,1812
1,2019,1,3,3,1,4,4,5.4,1,1824
1,2019,1,3,3,2,4,4,5.4,1,1824
1,2019,1,3,3,3,4,4,5.4,1,1836
1,2019,1,3,4,0,4,4,5.4,1,1848
1,2019,1,3,4,1,4,4,5.4,1,1824
1,2019,1,3,4,2,4,4,5.4,1,1824
1,2019,1,3,4,3,4,4,5.4,1,1832
1,2019,1,3,5,0,4,4,5.4,1,1816
1,2019,1,3,5,1,4,4,5.4,1,1848
1,2019,1,3,5,2,4,4,5.4,1,1824
1,2019,1,3,5,3,4,4,5.4,1,1836
1,2019,1,3,6,0,4,4,5.4,1,1824
1,2019,1,3,6,1,4,4,5.4,1,1824
1,2019,1,3,6,2,4,4,5.4,1,1808
1,2019,1,3,6,3,4,4,5.4,1,1812
1,2019,1,3,7,0,4,4,5.4,1,1836
1,2019,1,3,7,1,4,4,5.4,1,1816
1,2019,1,3,7,2,4,4,5.4,1,1812
1,2019,1,3,7,3,4,4,5.4,1,1804
1,2019,1,3,8,0,4,4,5.4,1,1804
1,2019,1,3,8,1,4,4,5.4,1,1800
1,2019,1,3,8,2,4,4,5.4,1,1808
1,2019,1,3,8,3,4,4,5.4,1,1816
1,2019,1,3,9,0,4,4,5.4,1,1820
1,2019,1,3,9,1,4,4,5.4,1,1812
1,2019,1,3,9,2,4,4,5.4,1,1792
1,2019,1,3,9,3,4,4,5.4,1,1788
1,2019,1,3,10,0,4,4,5.4,1,1788
1,2019,1,3,10,1,4,4,5.4,1,3180
1,2019,1,3,10,2,4,4,5.4,1,3144
1,2019,1,3,10,3,4,4,5.4,1,3168
1,2019,1,3,11,0,4,4,5.4,1,3144
1,2019,1,3,11,1,4,4,5.4,1,4920
1,2019,1,3,11,2,4,4,5.4,1,5796
1,2019,1,3,11,3,4,4,5.4,1,5804
1,2019,1,3,12,0,4,4,5.4,1,5796
1,2019,1,3,12,1,4,4,5.4,1,5820
1,2019,1,3,12,2,4,4,5.4,1,5780
1,2019,1,3,12,3,4,4,5.4,1,5808
1,2019,1,3,13,0,4,4,5.4,1,5784
1,2019,1,3,13,1,4,4,5.4,1,5788
1,2019,1,3,13,2,4,4,5.4,1,5808
1,2019,1,3,13,3,4,4,5.4,1,5796
1,2019,1,3,14,0,4,4,5.4,1,5804
1,2019,1,3,14,1,4,4,5.4,1,5820
1,2019,1,3,14,2,4,4,5.4,1,5804
1,2019,1,3,14,3,4,4,5.4,1,5804
1,2019,1,3,15,0,4,4,5.4,1,5820
1,2019,1,3,15,1,4,4,5.4,1,6396
1,2019,1,3,15,2,4,4,5.4,1,5800
1,2019,1,3,15,3,4,4,5.4,1,5792
1,2019,1,3,16,0,4,4,5.4,1,5800
1,2019,1,3,16,1,4,4,5.4,1,5784
1,2019,1,3,16,2,4,4,5.4,1,5756
1,2019,1,3,16,3,4,4,5.4,1,5784
1,2019,1,3,17,0,4,4,5.4,1,5796
1,2019,1,3,17,1,4,4,5.4,1,5820
1,2019,1,3,17,2,4,4,5.4,1,5780
1,2019,1,3,17,3,4,4,5.4,1,5780
1,2019,1,3,18,0,4,4,5.4,1,5788
1,2019,1,3,18,1,4,4,5.4,1,5796
1,2019,1,3,18,2,4,4,5.4,1,5776
1,2019,1,3,18,3,4,4,5.4,1,5808
1,2019,1,3,19,0,4,4,5.4,1,5784
1,2019,1,3,19,1,4,4,5.4,1,5788
1,2019,1,3,19,2,4,4,5.4,1,5796
1,2019,1,3,19,3,4,4,5.4,1,5808
1,2019,1,3,20,0,4,4,5.4,1,5800
1,2019,1,3,20,1,4,4,5.4,1,5808
1,2019,1,3,20,2,4,4,5.4,1,5808
1,2019,1,3,20,3,4,4,5.4,1,5796
1,2019,1,3,21,0,4,4,5.4,1,5784
1,2019,1,3,21,1,4,4,5.4,1,5796
1,2019,1,3,21,2,4,4,5.4,1,5796
1,2019,1,3,21,3,4,4,5.4,1,5808
1,2019,1,3,22,0,4,4,5.4,1,5796
1,2019,1,3,22,1,4,4,5.4,1,5808
1,2019,1,3,22,2,4,4,5.4,1,5808
1,2019,1,3,22,3,4,4,5.4,1,5808
1,2019,1,3,23,0,4,4,5.4,1,4448
1,2019,1,3,23,1,4,4,5.4,1,4464
1,2019,1,3,23,2,4,4,5.4,1,4452
1,2019,1,3,23,3,4,4,5.4,1,4452
1,2019,1,4,0,0,4,4,5.4,1,4440
1,2019,1,4,0,1,5,4,6.4,1,4440
1,2019,1,4,0,2,5,4,6.4,1,4440
1,2019,1,4,0,3,5,4,6.4,1,2688
1,2019,1,4,1,0,5,4,6.4,1,2676
1,2019,1,4,1,1,5,4,6.4,1,2664
1,2019,1,4,1,2,5,4,6.4,1,2676
1,2019,1,4,1,3,5,4,6.4,1,2680
1,2019,1,4,2,0,5,4,6.4,1,2664
1,2019,1,4,2,1,5,4,6.4,1,2688
1,2019,1,4,2,2,5,4,6.4,1,2676
1,2019,1,4,2,3,5,4,6.4,1,2660
1,2019,1,4,3,0,5,4,6.4,1,2688
1,2019,1,4,3,1,5,4,6.4,1,2688
1,2019,1,4,3,2,5,4,6.4,1,2680
1,2019,1,4,3,3,5,4,6.4,1,2676
1,2019,1,4,4,0,5,4,6.4,1,3144
1,2019,1,4,4,1,5,4,6.4,1,3108
1,2019,1,4,4,2,5,4,6.4,1,2280
1,2019,1,4,4,3,5,4,6.4,1,2252
1,2019,1,4,5,0,5,4,6.4,1,2232
1,2019,1,4,5,1,5,4,6.4,1,2248
1,2019,1,4,5,2,5,4,6.4,1,2244
1,2019,1,4,5,3,5,4,6.4,1,2240
1,2019,1,4,6,0,5,4,6.4,1,2244
1,2019,1,4,6,1,5,4,6.4,1,1780
1,2019,1,4,6,2,5,4,6.4,1,1816
1,2019,1,4,6,3,5,4,6.4,1,1800
1,2019,1,4,7,0,5,4,6.4,1,1800
1,2019,1,4,7,1,5,4,6.4,1,1812
1,2019,1,4,7,2,5,4,6.4,1,1812
1,2019,1,4,7,3,5,4,6.4,1,1828
1,2019,1,4,8,0,5,4,6.4,1,1796
1,2019,1,4,8,1,5,4,6.4,1,1780
1,2019,1,4,8,2,5,4,6.4,1,1800
1,2019,1,4,8,3,5,4,6.4,1,1800
1,2019,1,4,9,0,5,4,6.4,1,1784
1,2019,1,4,9,1,5,4,6.4,1,1804
1,2019,1,4,9,2,5,4,6.4,1,2676
1,2019,1,4,9,3,5,4,6.4,1,2664
1,2019,1,4,10,0,5,4,6.4,1,2656
1,2019,1,4,10,1,5,4,6.4,2,4008
1,2019,1,4,10,2,5,4,6.4,2,3980
1,2019,1,4,10,3,5,4,6.4,2,4004
1,2019,1,4,11,0,5,4,6.4,2,4012
1,2019,1,4,11,1,5,4,6.4,2,5820
1,2019,1,4,11,2,5,4,6.4,2,5780
1,2019,1,4,11,3,5,4,6.4,2,5796
1,2019,1,4,12,0,5,4,6.4,2,5772
1,2019,1,4,12,1,5,4,6.4,3,5808
1,2019,1,4,12,2,5,4,6.4,3,5784
1,2019,1,4,12,3,5,4,6.4,3,5772
1,2019,1,4,13,0,5,4,6.4,3,5784
1,2019,1,4,13,1,5,4,6.4,3,5796
1,2019,1,4,13,2,5,4,6.4,3,5796
1,2019,1,4,13,3,5,4,6.4,3,5760
1,2019,1,4,14,0,5,4,6.4,3,5796
1,2019,1,4,14,1,5,4,6.4,2,5784
1,2019,1,4,14,2,5,4,6.4,2,5784
1,2019,1,4,14,3,5,4,6.4,2,5796
1,2019,1,4,15,0,5,4,6.4,2,5772
1,2019,1,4,15,1,5,4,6.4,2,6372
1,2019,1,4,15,2,5,4,6.4,2,6388
1,2019,1,4,15,3,5,4,6.4,2,6384
1,2019,1,4,16,0,5,4,6.4,2,6396
1,2019,1,4,16,1,5,4,6.4,2,6384
1,2019,1,4,16,2,5,4,6.4,2,6372
1,2019,1,4,16,3,5,4,6.4,2,5800
1,2019,1,4,17,0,5,4,6.4,2,5784
1,2019,1,4,17,1,5,4,6.4,3,5796
1,2019,1,4,17,2,5,4,6.4,3,5788
1,2019,1,4,17,3,5,4,6.4,3,5784
1,2019,1,4,18,0,5,4,6.4,3,5784
1,2019,1,4,18,1,5,4,6.4,1,5808
1,2019,1,4,18,2,5,4,6.4,1,5796
1,2019,1,4,18,3,5,4,6.4,1,5796
1,2019,1,4,19,0,5,4,6.4,1,5772
1,2019,1,4,19,1,5,4,6.4,1,5776
1,2019,1,4,19,2,5,4,6.4,1,5784
1,2019,1,4,19,3,5,4,6.4,1,5816
1,2019,1,4,20,0,5,4,6.4,1,5808
1,2019,1,4,20,1,5,4,6.4,1,5776
1,2019,1,4,20,2,5,4,6.4,1,5800
1,2019,1,4,20,3,5,4,6.4,1,5800
1,2019,1,4,21,0,5,4,6.4,1,5784
1,2019,1,4,21,1,5,4,6.4,1,5796
1,2019,1,4,21,2,5,4,6.4,1,5796
1,2019,1,4,21,3,5,4,6.4,1,5820
1,2019,1,4,22,0,5,4,6.4,1,5800
1,2019,1,4,22,1,5,4,6.4,2,5808
1,2019,1,4,22,2,5,4,6.4,2,5784
1,2019,1,4,22,3,5,4,6.4,2,5820
1,2019,1,4,23,0,5,4,6.4,2,5784
1,2019,1,4,23,1,5,4,6.4,2,5796
1,2019,1,4,23,2,5,4,6.4,2,5820
1,2019,1,4,23,3,5,4,6.4,2,5808
1,2019,1,5,0,0,5,1,6.4,2,5796
1,2019,1,5,0,1,6,5,7.1,3,5800
1,2019,1,5,0,2,6,5,7.1,3,5808
1,2019,1,5,0,3,6,5,7.1,3,5772
1,2019,1,5,1,0,6,5,7.1,3,5808
1,2019,1,5,1,1,6,5,7.1,4,3172
1,2019,1,5,1,2,6,5,7.1,4,3180
1,2019,1,5,1,3,6,5,7.1,4,1800
1,2019,1,5,2,0,6,5,7.1,4,1800
1,2019,1,5,2,1,6,5,7.1,3,1800
1,2019,1,5,2,2,6,5,7.1,3,1820
1,2019,1,5,2,3,6,5,7.1,3,1800
1,2019,1,5,3,0,6,5,7.1,3,1812
1,2019,1,5,3,1,6,5,7.1,3,1824
1,2019,1,5,3,2,6,5,7.1,3,1812
1,2019,1,5,3,3,6,5,7.1,3,1792
1,2019,1,5,4,0,6,5,7.1,3,1824
1,2019,1,5,4,1,6,5,7.1,3,1824
1,2019,1,5,4,2,6,5,7.1,3,1812
1,2019,1,5,4,3,6,5,7.1,3,1816
1,2019,1,5,5,0,6,5,7.1,3,1824
1,2019,1,5,5,1,6,5,7.1,3,1812
1,2019,1,5,5,2,6,5,7.1,3,1824
1,2019,1,5,5,3,6,5,7.1,3,1816
1,2019,1,5,6,0,6,5,7.1,3,1804
1,2019,1,5,6,1,6,5,7.1,2,1824
1,2019,1,5,6,2,6,5,7.1,2,1812
1,2019,1,5,6,3,6,5,7.1,2,1812
1,2019,1,5,7,0,6,5,7.1,2,1804
1,2019,1,5,7,1,6,5,7.1,2,1788
1,2019,1,5,7,2,6,5,7.1,2,1824
1,2019,1,5,7,3,6,5,7.1,2,1812
1,2019,1,5,8,0,6,5,7.1,2,1812
1,2019,1,5,8,1,6,5,7.1,1,1800
1,2019,1,5,8,2,6,5,7.1,1,1812
1,2019,1,5,8,3,6,5,7.1,1,1832
1,2019,1,5,9,0,6,5,7.1,1,1824
1,2019,1,5,9,1,6,5,7.1,1,1812
1,2019,1,5,9,2,6,5,7.1,1,1796
1,2019,1,5,9,3,6,5,7.1,1,1832
1,2019,1,5,10,0,6,5,7.1,1,1812
1,2019,1,5,10,1,6,5,7.1,1,1812
1,2019,1,5,10,2,6,5,7.1,1,3196
1,2019,1,5,10,3,6,5,7.1,1,3192
1,2019,1,5,11,0,6,5,7.1,1,3168
1,2019,1,5,11,1,6,5,7.1,1,3180
1,2019,1,5,11,2,6,5,7.1,1,3180
1,2019,1,5,11,3,6,5,7.1,1,3168
1,2019,1,5,12,0,6,5,7.1,1,4036
1,2019,1,5,12,1,6,5,7.1,1,4020
1,2019,1,5,12,2,6,5,7.1,1,4000
1,2019,1,5,12,3,6,5,7.1,1,4012
1,2019,1,5,13,0,6,5,7.1,1,4008
1,2019,1,5,13,1,6,5,7.1,2,4032
1,2019,1,5,13,2,6,5,7.1,2,4044
1,2019,1,5,13,3,6,5,7.1,2,4020
1,2019,1,5,14,0,6,5,7.1,2,4032
1,2019,1,5,14,1,6,5,7.1,1,4032
1,2019,1,5,14,2,6,5,7.1,1,4052
1,2019,1,5,14,3,6,5,7.1,1,4044
1,2019,1,5,15,0,6,5,7.1,1,4044
1,2019,1,5,15,1,6,5,7.1,2,4032
1,2019,1,5,15,2,6,5,7.1,2,4040
1,2019,1,5,15,3,6,5,7.1,2,4032
1,2019,1,5,16,0,6,5,7.1,2,4032
1,2019,1,5,16,1,6,5,7.1,1,4020
1,2019,1,5,16,2,6,5,7.1,1,4024
1,2019,1,5,16,3,6,5,7.1,1,4020
1,2019,1,5,17,0,6,5,7.1,1,4032
1,2019,1,5,17,1,6,5,7.1,1,4008
1,2019,1,5,17,2,6,5,7.1,1,5808
1,2019,1,5,17,3,6,5,7.1,1,5832
1,2019,1,5,18,0,6,5,7.1,1,5808
1,2019,1,5,18,1,6,5,7.1,1,5820
1,2019,1,5,18,2,6,5,7.1,1,5796
1,2019,1,5,18,3,6,5,7.1,1,5808
1,2019,1,5,19,0,6,5,7.1,1,4932
1,2019,1,5,19,1,6,5,7.1,1,4932
1,2019,1,5,19,2,6,5,7.1,1,4944
1,2019,1,5,19,3,6,5,7.1,1,4944
1,2019,1,5,20,0,6,5,7.1,1,4932
1,2019,1,5,20,1,6,5,7.1,1,4944
1,2019,1,5,20,2,6,5,7.1,1,4956
1,2019,1,5,20,3,6,5,7.1,1,4956
1,2019,1,5,21,0,6,5,7.1,1,4956
1,2019,1,5,21,1,6,5,7.1,1,4956
1,2019,1,5,21,2,6,5,7.1,1,4956
1,2019,1,5,21,3,6,5,7.1,1,4944
1,2019,1,5,22,0,6,5,7.1,1,4956
1,2019,1,5,22,1,6,5,7.1,1,4956
1,2019,1,5,22,2,6,5,7.1,1,4968
1,2019,1,5,22,3,6,5,7.1,1,4944
1,2019,1,5,23,0,6,5,7.1,1,4944
1,2019,1,5,23,1,6,5,7.1,1,4952
1,2019,1,5,23,2,6,5,7.1,1,4908
1,2019,1,5,23,3,6,5,7.1,1,4944
1,2019,1,6,0,0,6,5,7.1,1,4944
1,2019,1,6,0,1,7,5,7,3,4920
1,2019,1,6,0,2,7,5,7,3,4044
1,2019,1,6,0,3,7,5,7,3,4024
1,2019,1,6,1,0,7,5,7,3,4044
1,2019,1,6,1,1,7,5,7,3,4052
1,2019,1,6,1,2,7,5,7,3,4032
1,2019,1,6,1,3,7,5,7,3,2664
1,2019,1,6,2,0,7,5,7,3,2688
1,2019,1,6,2,1,7,5,7,3,1812
1,2019,1,6,2,2,7,5,7,3,1800
1,2019,1,6,2,3,7,5,7,3,1800
1,2019,1,6,3,0,7,5,7,3,1812
1,2019,1,6,3,1,7,5,7,2,1804
1,2019,1,6,3,2,7,5,7,2,1812
1,2019,1,6,3,3,7,5,7,2,1792
1,2019,1,6,4,0,7,5,7,2,1824
1,2019,1,6,4,1,7,5,7,2,1812
1,2019,1,6,4,2,7,5,7,2,1812
1,2019,1,6,4,3,7,5,7,2,1836
1,2019,1,6,5,0,7,5,7,2,1812
1,2019,1,6,5,1,7,5,7,4,1824
1,2019,1,6,5,2,7,5,7,4,1812
1,2019,1,6,5,3,7,5,7,4,1800
1,2019,1,6,6,0,7,5,7,4,1788
1,2019,1,6,6,1,7,5,7,3,1800
1,2019,1,6,6,2,7,5,7,3,1816
1,2019,1,6,6,3,7,5,7,3,1812
1,2019,1,6,7,0,7,5,7,3,1812
1,2019,1,6,7,1,7,5,7,3,1820
1,2019,1,6,7,2,7,5,7,3,1800
1,2019,1,6,7,3,7,5,7,3,1804
1,2019,1,6,8,0,7,5,7,3,1824
1,2019,1,6,8,1,7,5,7,4,1812
1,2019,1,6,8,2,7,5,7,4,1800
1,2019,1,6,8,3,7,5,7,4,1804
1,2019,1,6,9,0,7,5,7,4,1824
1,2019,1,6,9,1,7,5,7,3,1804
1,2019,1,6,9,2,7,5,7,3,1808
1,2019,1,6,9,3,7,5,7,3,1812
1,2019,1,6,10,0,7,5,7,3,1792
1,2019,1,6,10,1,7,5,7,2,1812
1,2019,1,6,10,2,7,5,7,2,1824
1,2019,1,6,10,3,7,5,7,2,1824
1,2019,1,6,11,0,7,5,7,2,1800
1,2019,1,6,11,1,7,5,7,1,3192
1,2019,1,6,11,2,7,5,7,1,3180
1,2019,1,6,11,3,7,5,7,1,3184
1,2019,1,6,12,0,7,5,7,1,3168
1,2019,1,6,12,1,7,5,7,1,3148
1,2019,1,6,12,2,7,5,7,1,3180
1,2019,1,6,12,3,7,5,7,1,3180
1,2019,1,6,13,0,7,5,7,1,3168
1,2019,1,6,13,1,7,5,7,1,3180
1,2019,1,6,13,2,7,5,7,1,3180
1,2019,1,6,13,3,7,5,7,1,3132
1,2019,1,6,14,0,7,5,7,1,3176
1,2019,1,6,14,1,7,5,7,1,3144
1,2019,1,6,14,2,7,5,7,1,3168
1,2019,1,6,14,3,7,5,7,1,3160
1,2019,1,6,15,0,7,5,7,1,4980
1,2019,1,6,15,1,7,5,7,1,4932
1,2019,1,6,15,2,7,5,7,1,4972
1,2019,1,6,15,3,7,5,7,1,4936
1,2019,1,6,16,0,7,5,7,1,4944
1,2019,1,6,16,1,7,5,7,1,4952
1,2019,1,6,16,2,7,5,7,1,4956
1,2019,1,6,16,3,7,5,7,1,4912
1,2019,1,6,17,0,7,5,7,1,4932
1,2019,1,6,17,1,7,5,7,1,4916
1,2019,1,6,17,2,7,5,7,1,4924
1,2019,1,6,17,3,7,5,7,1,4944
1,2019,1,6,18,0,7,5,7,1,4932
1,2019,1,6,18,1,7,5,7,1,4944
1,2019,1,6,18,2,7,5,7,1,4932
1,2019,1,6,18,3,7,5,7,1,4956
1,2019,1,6,19,0,7,5,7,1,3588
1,2019,1,6,19,1,7,5,7,1,4476
1,2019,1,6,19,2,7,5,7,1,4452
1,2019,1,6,19,3,7,5,7,1,4440
1,2019,1,6,20,0,7,5,7,1,4452
1,2019,1,6,20,1,7,5,7,1,4440
1,2019,1,6,20,2,7,5,7,1,4452
1,2019,1,6,20,3,7,5,7,1,4464
1,2019,1,6,21,0,7,5,7,1,4448
1,2019,1,6,21,1,7,5,7,1,4452
1,2019,1,6,21,2,7,5,7,1,4476
1,2019,1,6,21,3,7,5,7,1,4452
1,2019,1,6,22,0,7,5,7,1,4452
1,2019,1,6,22,1,7,5,7,1,4452
1,2019,1,6,22,2,7,5,7,1,4432
1,2019,1,6,22,3,7,5,7,1,4436
1,2019,1,6,23,0,7,5,7,1,4440
1,2019,1,6,23,1,7,5,7,1,4452
1,2019,1,6,23,2,7,5,7,1,4432
1,2019,1,6,23,3,7,5,7,1,4464
1,2019,1,7,0,0,7,5,7,1,3576
1,2019,1,7,0,1,1,4,5.8,1,3576
1,2019,1,7,0,2,1,4,5.8,1,1812
1,2019,1,7,0,3,1,4,5.8,1,1800
1,2019,1,7,1,0,1,4,5.8,1,1824
1,2019,1,7,1,1,1,4,5.8,1,1812
1,2019,1,7,1,2,1,4,5.8,1,1836
1,2019,1,7,1,3,1,4,5.8,1,1824
1,2019,1,7,2,0,1,4,5.8,1,1800
1,2019,1,7,2,1,1,4,5.8,1,1780
1,2019,1,7,2,2,1,4,5.8,1,1800
1,2019,1,7,2,3,1,4,5.8,1,1804
1,2019,1,7,3,0,1,4,5.8,1,1788
1,2019,1,7,3,1,1,4,5.8,1,1800
1,2019,1,7,3,2,1,4,5.8,1,1812
1,2019,1,7,3,3,1,4,5.8,1,1792
1,2019,1,7,4,0,1,4,5.8,1,1812
1,2019,1,7,4,1,1,4,5.8,1,1816
1,2019,1,7,4,2,1,4,5.8,1,1812
1,2019,1,7,4,3,1,4,5.8,1,1836
1,2019,1,7,5,0,1,4,5.8,1,1800
1,2019,1,7,5,1,1,4,5.8,1,1800
1,2019,1,7,5,2,1,4,5.8,1,1804
1,2019,1,7,5,3,1,4,5.8,1,1800
1,2019,1,7,6,0,1,4,5.8,1,1800
1,2019,1,7,6,1,1,4,5.8,1,1824
1,2019,1,7,6,2,1,4,5.8,1,1804
1,2019,1,7,6,3,1,4,5.8,1,1824
1,2019,1,7,7,0,1,4,5.8,1,1812
1,2019,1,7,7,1,1,4,5.8,1,1808
1,2019,1,7,7,2,1,4,5.8,1,1800
1,2019,1,7,7,3,1,4,5.8,1,1800
1,2019,1,7,8,0,1,4,5.8,1,1812
1,2019,1,7,8,1,1,4,5.8,1,1812
1,2019,1,7,8,2,1,4,5.8,1,1792
1,2019,1,7,8,3,1,4,5.8,1,1824
1,2019,1,7,9,0,1,4,5.8,1,1788
1,2019,1,7,9,1,1,4,5.8,1,1800
1,2019,1,7,9,2,1,4,5.8,1,1788
1,2019,1,7,9,3,1,4,5.8,1,1788
1,2019,1,7,10,0,1,4,5.8,1,4056
1,2019,1,7,10,1,1,4,5.8,2,4008
1,2019,1,7,10,2,1,4,5.8,2,4016
1,2019,1,7,10,3,1,4,5.8,2,4004
1,2019,1,7,11,0,1,4,5.8,2,3996
1,2019,1,7,11,1,1,4,5.8,2,4008
1,2019,1,7,11,2,1,4,5.8,2,5820
1,2019,1,7,11,3,1,4,5.8,2,5776
1,2019,1,7,12,0,1,4,5.8,2,5796
1,2019,1,7,12,1,1,4,5.8,2,5808
1,2019,1,7,12,2,1,4,5.8,2,5792
1,2019,1,7,12,3,1,4,5.8,2,5796
1,2019,1,7,13,0,1,4,5.8,2,5796
1,2019,1,7,13,1,1,4,5.8,1,5788
1,2019,1,7,13,2,1,4,5.8,1,5772
1,2019,1,7,13,3,1,4,5.8,1,5772
1,2019,1,7,14,0,1,4,5.8,1,5776
1,2019,1,7,14,1,1,4,5.8,2,5784
1,2019,1,7,14,2,1,4,5.8,2,5776
1,2019,1,7,14,3,1,4,5.8,2,5796
1,2019,1,7,15,0,1,4,5.8,2,5772
1,2019,1,7,15,1,1,4,5.8,3,5796
1,2019,1,7,15,2,1,4,5.8,3,5796
1,2019,1,7,15,3,1,4,5.8,3,5796
1,2019,1,7,16,0,1,4,5.8,3,5804
1,2019,1,7,16,1,1,4,5.8,2,5796
1,2019,1,7,16,2,1,4,5.8,2,5784
1,2019,1,7,16,3,1,4,5.8,2,5808
1,2019,1,7,17,0,1,4,5.8,2,5792
1,2019,1,7,17,1,1,4,5.8,2,5784
1,2019,1,7,17,2,1,4,5.8,2,5796
1,2019,1,7,17,3,1,4,5.8,2,5768
1,2019,1,7,18,0,1,4,5.8,2,5808
1,2019,1,7,18,1,1,4,5.8,3,5800
1,2019,1,7,18,2,1,4,5.8,3,5800
1,2019,1,7,18,3,1,4,5.8,3,5796
1,2019,1,7,19,0,1,4,5.8,3,5808
1,2019,1,7,19,1,1,4,5.8,4,5796
1,2019,1,7,19,2,1,4,5.8,4,5796
1,2019,1,7,19,3,1,4,5.8,4,5804
1,2019,1,7,20,0,1,4,5.8,4,5808
1,2019,1,7,20,1,1,4,5.8,3,6396
1,2019,1,7,20,2,1,4,5.8,3,6392
1,2019,1,7,20,3,1,4,5.8,3,6368
1,2019,1,7,21,0,1,4,5.8,3,6420
1,2019,1,7,21,1,1,4,5.8,2,5808
1,2019,1,7,21,2,1,4,5.8,2,5808
1,2019,1,7,21,3,1,4,5.8,2,5808
1,2019,1,7,22,0,1,4,5.8,2,5796
1,2019,1,7,22,1,1,4,5.8,3,5796
1,2019,1,7,22,2,1,4,5.8,3,5780
1,2019,1,7,22,3,1,4,5.8,3,5808
1,2019,1,7,23,0,1,4,5.8,3,5808
1,2019,1,7,23,1,1,4,5.8,3,5804
1,2019,1,7,23,2,1,4,5.8,3,5800
1,2019,1,7,23,3,1,4,5.8,3,5808
1,2019,1,8,0,0,1,4,5.8,3,5796
1,2019,1,8,0,1,2,4,5,3,5832
1,2019,1,8,0,2,2,4,5,3,5784
1,2019,1,8,0,3,2,4,5,3,4464
1,2019,1,8,1,0,2,4,5,3,4452
1,2019,1,8,1,1,2,4,5,4,3128
1,2019,1,8,1,2,2,4,5,4,4476
1,2019,1,8,1,3,2,4,5,4,2664
1,2019,1,8,2,0,2,4,5,4,2676
1,2019,1,8,2,1,2,4,5,3,2656
1,2019,1,8,2,2,2,4,5,3,2680
1,2019,1,8,2,3,2,4,5,3,2668
1,2019,1,8,3,0,2,4,5,3,2688
1,2019,1,8,3,1,2,4,5,3,2676
1,2019,1,8,3,2,2,4,5,3,2668
1,2019,1,8,3,3,2,4,5,3,1832
1,2019,1,8,4,0,2,4,5,3,1832
1,2019,1,8,4,1,2,4,5,2,1832
1,2019,1,8,4,2,2,4,5,2,1804
1,2019,1,8,4,3,2,4,5,2,1788
1,2019,1,8,5,0,2,4,5,2,1800
1,2019,1,8,5,1,2,4,5,2,1796
1,2019,1,8,5,2,2,4,5,2,1812
1,2019,1,8,5,3,2,4,5,2,1800
1,2019,1,8,6,0,2,4,5,2,1800
1,2019,1,8,6,1,2,4,5,3,1804
1,2019,1,8,6,2,2,4,5,3,1800
1,2019,1,8,6,3,2,4,5,3,1780
1,2019,1,8,7,0,2,4,5,3,1812
1,2019,1,8,7,1,2,4,5,3,1812
1,2019,1,8,7,2,2,4,5,3,1776
1,2019,1,8,7,3,2,4,5,3,1800
1,2019,1,8,8,0,2,4,5,3,1800
1,2019,1,8,8,1,2,4,5,1,1788
1,2019,1,8,8,2,2,4,5,1,1824
1,2019,1,8,8,3,2,4,5,1,1792
1,2019,1,8,9,0,2,4,5,1,1800
1,2019,1,8,9,1,2,4,5,1,1800
1,2019,1,8,9,2,2,4,5,1,1800
1,2019,1,8,9,3,2,4,5,1,1800
1,2019,1,8,10,0,2,4,5,1,1800
1,2019,1,8,10,1,2,4,5,1,3144
1,2019,1,8,10,2,2,4,5,1,4020
1,2019,1,8,10,3,2,4,5,1,4020
1,2019,1,8,11,0,2,4,5,1,4020
1,2019,1,8,11,1,2,4,5,1,5808
1,2019,1,8,11,2,2,4,5,1,5808
1,2019,1,8,11,3,2,4,5,1,5788
1,2019,1,8,12,0,2,4,5,1,5808
1,2019,1,8,12,1,2,4,5,1,5796
1,2019,1,8,12,2,2,4,5,1,5772
1,2019,1,8,12,3,2,4,5,1,5772
1,2019,1,8,13,0,2,4,5,1,5788
1,2019,1,8,13,1,2,4,5,1,5788
1,2019,1,8,13,2,2,4,5,1,5800
1,2019,1,8,13,3,2,4,5,1,5780
1,2019,1,8,14,0,2,4,5,1,5772
1,2019,1,8,14,1,2,4,5,1,5768
1,2019,1,8,14,2,2,4,5,1,5764
1,2019,1,8,14,3,2,4,5,1,5796
1,2019,1,8,15,0,2,4,5,1,5784
1,2019,1,8,15,1,2,4,5,2,5808
1,2019,1,8,15,2,2,4,5,2,6084
1,2019,1,8,15,3,2,4,5,2,6060
1,2019,1,8,16,0,2,4,5,2,6084
1,2019,1,8,16,1,2,4,5,1,6060
1,2019,1,8,16,2,2,4,5,1,6072
1,2019,1,8,16,3,2,4,5,1,6072
1,2019,1,8,17,0,2,4,5,1,6044
1,2019,1,8,17,1,2,4,5,1,6080
1,2019,1,8,17,2,2,4,5,1,6096
1,2019,1,8,17,3,2,4,5,1,6068
1,2019,1,8,18,0,2,4,5,1,6076
1,2019,1,8,18,1,2,4,5,1,6108
1,2019,1,8,18,2,2,4,5,1,6096
1,2019,1,8,18,3,2,4,5,1,6056
1,2019,1,8,19,0,2,4,5,1,6096
1,2019,1,8,19,1,2,4,5,1,6084
1,2019,1,8,19,2,2,4,5,1,6064
1,2019,1,8,19,3,2,4,5,1,6096
1,2019,1,8,20,0,2,4,5,1,6084
1,2019,1,8,20,1,2,4,5,1,6072
1,2019,1,8,20,2,2,4,5,1,6088
1,2019,1,8,20,3,2,4,5,1,6072
1,2019,1,8,21,0,2,4,5,1,6072
1,2019,1,8,21,1,2,4,5,1,5796
1,2019,1,8,21,2,2,4,5,1,5812
1,2019,1,8,21,3,2,4,5,1,5816
1,2019,1,8,22,0,2,4,5,1,5808
1,2019,1,8,22,1,2,4,5,2,5808
1,2019,1,8,22,2,2,4,5,2,5796
1,2019,1,8,22,3,2,4,5,2,5832
1,2019,1,8,23,0,2,4,5,2,5808
1,2019,1,8,23,1,2,4,5,2,5796
1,2019,1,8,23,2,2,4,5,2,5808
1,2019,1,8,23,3,2,4,5,2,5808
1,2019,1,9,0,0,2,4,5,2,5812
1,2019,1,9,0,1,3,4,-5.4,3,5820
1,2019,1,9,0,2,3,4,-5.4,3,5784
1,2019,1,9,0,3,3,4,-5.4,3,4040
1,2019,1,9,1,0,3,4,-5.4,3,2676
1,2019,1,9,1,1,3,4,-5.4,4,2684
1,2019,1,9,1,2,3,4,-5.4,4,2688
1,2019,1,9,1,3,3,4,-5.4,4,2676
1,2019,1,9,2,0,3,4,-5.4,4,1812
1,2019,1,9,2,1,3,4,-5.4,3,1836
1,2019,1,9,2,2,3,4,-5.4,3,1828
1,2019,1,9,2,3,3,4,-5.4,3,1824
1,2019,1,9,3,0,3,4,-5.4,3,1804
1,2019,1,9,3,1,3,4,-5.4,4,1824
1,2019,1,9,3,2,3,4,-5.4,4,1836
1,2019,1,9,3,3,3,4,-5.4,4,1836
1,2019,1,9,4,0,3,4,-5.4,4,1836
1,2019,1,9,4,1,3,4,-5.4,3,1812
1,2019,1,9,4,2,3,4,-5.4,3,1824
1,2019,1,9,4,3,3,4,-5.4,3,1804
1,2019,1,9,5,0,3,4,-5.4,3,1824
1,2019,1,9,5,1,3,4,-5.4,4,1812
1,2019,1,9,5,2,3,4,-5.4,4,1812
1,2019,1,9,5,3,3,4,-5.4,4,1836
1,2019,1,9,6,0,3,4,-5.4,4,1800
1,2019,1,9,6,1,3,4,-5.4,2,1824
1,2019,1,9,6,2,3,4,-5.4,2,1800
1,2019,1,9,6,3,3,4,-5.4,2,1812
1,2019,1,9,7,0,3,4,-5.4,2,1816
1,2019,1,9,7,1,3,4,-5.4,3,1808
1,2019,1,9,7,2,3,4,-5.4,3,1824
1,2019,1,9,7,3,3,4,-5.4,3,1792
1,2019,1,9,8,0,3,4,-5.4,3,1820
1,2019,1,9,8,1,3,4,-5.4,2,1800
1,2019,1,9,8,2,3,4,-5.4,2,1812
1,2019,1,9,8,3,3,4,-5.4,2,1788
1,2019,1,9,9,0,3,4,-5.4,2,1800
1,2019,1,9,9,1,3,4,-5.4,2,1800
1,2019,1,9,9,2,3,4,-5.4,2,1792
1,2019,1,9,9,3,3,4,-5.4,2,1788
1,2019,1,9,10,0,3,4,-5.4,2,1788
1,2019,1,9,10,1,3,4,-5.4,1,3148
1,2019,1,9,10,2,3,4,-5.4,1,3156
1,2019,1,9,10,3,3,4,-5.4,1,3156
1,2019,1,9,11,0,3,4,-5.4,1,4000
1,2019,1,9,11,1,3,4,-5.4,1,4024
1,2019,1,9,11,2,3,4,-5.4,1,4000
1,2019,1,9,11,3,3,4,-5.4,1,5800
1,2019,1,9,12,0,3,4,-5.4,1,5796
1,2019,1,9,12,1,3,4,-5.4,2,5772
1,2019,1,9,12,2,3,4,-5.4,2,5772
1,2019,1,9,12,3,3,4,-5.4,2,5784
1,2019,1,9,13,0,3,4,-5.4,2,5784
1,2019,1,9,13,1,3,4,-5.4,3,5764
1,2019,1,9,13,2,3,4,-5.4,3,5784
1,2019,1,9,13,3,3,4,-5.4,3,5760
1,2019,1,9,14,0,3,4,-5.4,3,5820
1,2019,1,9,14,1,3,4,-5.4,3,5780
1,2019,1,9,14,2,3,4,-5.4,3,5784
1,2019,1,9,14,3,3,4,-5.4,3,5800
1,2019,1,9,15,0,3,4,-5.4,3,5784
1,2019,1,9,15,1,3,4,-5.4,3,5796
1,2019,1,9,15,2,3,4,-5.4,3,5784
1,2019,1,9,15,3,3,4,-5.4,3,5784
1,2019,1,9,16,0,3,4,-5.4,3,5776
1,2019,1,9,16,1,3,4,-5.4,3,5772
1,2019,1,9,16,2,3,4,-5.4,3,5796
1,2019,1,9,16,3,3,4,-5.4,3,5796
1,2019,1,9,17,0,3,4,-5.4,3,5796
1,2019,1,9,17,1,3,4,-5.4,1,5792
1,2019,1,9,17,2,3,4,-5.4,1,5820
1,2019,1,9,17,3,3,4,-5.4,1,5784
1,2019,1,9,18,0,3,4,-5.4,1,5808
1,2019,1,9,18,1,3,4,-5.4,2,5832
1,2019,1,9,18,2,3,4,-5.4,2,6420
1,2019,1,9,18,3,3,4,-5.4,2,6400
1,2019,1,9,19,0,3,4,-5.4,2,6396
1,2019,1,9,19,1,3,4,-5.4,3,6364
1,2019,1,9,19,2,3,4,-5.4,3,6384
1,2019,1,9,19,3,3,4,-5.4,3,6364
1,2019,1,9,20,0,3,4,-5.4,3,6384
1,2019,1,9,20,1,3,4,-5.4,1,6400
1,2019,1,9,20,2,3,4,-5.4,1,6384
1,2019,1,9,20,3,3,4,-5.4,1,6408
1,2019,1,9,21,0,3,4,-5.4,1,6384
1,2019,1,9,21,1,3,4,-5.4,3,5808
1,2019,1,9,21,2,3,4,-5.4,3,5816
1,2019,1,9,21,3,3,4,-5.4,3,5796
1,2019,1,9,22,0,3,4,-5.4,3,5812
1,2019,1,9,22,1,3,4,-5.4,4,5824
1,2019,1,9,22,2,3,4,-5.4,4,4452
1,2019,1,9,22,3,3,4,-5.4,4,4452
1,2019,1,9,23,0,3,4,-5.4,4,4452
1,2019,1,9,23,1,3,4,-5.4,4,4440
1,2019,1,9,23,2,3,4,-5.4,4,4440
1,2019,1,9,23,3,3,4,-5.4,4,4440
1,2019,1,10,0,0,3,4,-5.4,4,4440
1,2019,1,10,0,1,4,4,5.2,4,4476
1,2019,1,10,0,2,4,4,5.2,4,4452
1,2019,1,10,0,3,4,4,5.2,4,2700
1,2019,1,10,1,0,4,4,5.2,4,1828
1,2019,1,10,1,1,4,4,5.2,3,1816
1,2019,1,10,1,2,4,4,5.2,3,1836
1,2019,1,10,1,3,4,4,5.2,3,1812
1,2019,1,10,2,0,4,4,5.2,3,1804
1,2019,1,10,2,1,4,4,5.2,4,1812
1,2019,1,10,2,2,4,4,5.2,4,1832
1,2019,1,10,2,3,4,4,5.2,4,1824
1,2019,1,10,3,0,4,4,5.2,4,1812
1,2019,1,10,3,1,4,4,5.2,4,1824
1,2019,1,10,3,2,4,4,5.2,4,1804
1,2019,1,10,3,3,4,4,5.2,4,1792
1,2019,1,10,4,0,4,4,5.2,4,1820
1,2019,1,10,4,1,4,4,5.2,4,1824
1,2019,1,10,4,2,4,4,5.2,4,1812
1,2019,1,10,4,3,4,4,5.2,4,1812
1,2019,1,10,5,0,4,4,5.2,4,1812
1,2019,1,10,5,1,4,4,5.2,4,1812
1,2019,1,10,5,2,4,4,5.2,4,1804
1,2019,1,10,5,3,4,4,5.2,4,1800
1,2019,1,10,6,0,4,4,5.2,4,1816
1,2019,1,10,6,1,4,4,5.2,4,1812
1,2019,1,10,6,2,4,4,5.2,4,1808
1,2019,1,10,6,3,4,4,5.2,4,1800
1,2019,1,10,7,0,4,4,5.2,4,1824
1,2019,1,10,7,1,4,4,5.2,4,1816
1,2019,1,10,7,2,4,4,5.2,4,1812
1,2019,1,10,7,3,4,4,5.2,4,1800
1,2019,1,10,8,0,4,4,5.2,4,1800
1,2019,1,10,8,1,4,4,5.2,3,1804
1,2019,1,10,8,2,4,4,5.2,3,1800
1,2019,1,10,8,3,4,4,5.2,3,1800
1,2019,1,10,9,0,4,4,5.2,3,1824
1,2019,1,10,9,1,4,4,5.2,3,1804
1,2019,1,10,9,2,4,4,5.2,3,1800
1,2019,1,10,9,3,4,4,5.2,3,1800
1,2019,1,10,10,0,4,4,5.2,3,1788
1,2019,1,10,10,1,4,4,5.2,3,3168
1,2019,1,10,10,2,4,4,5.2,3,3152
1,2019,1,10,10,3,4,4,5.2,3,3148
1,2019,1,10,11,0,4,4,5.2,3,4020
1,2019,1,10,11,1,4,4,5.2,1,4020
1,2019,1,10,11,2,4,4,5.2,1,5688
1,2019,1,10,11,3,4,4,5.2,1,5664
1,2019,1,10,12,0,4,4,5.2,1,5664
1,2019,1,10,12,1,4,4,5.2,2,5676
1,2019,1,10,12,2,4,4,5.2,2,5796
1,2019,1,10,12,3,4,4,5.2,2,5760
1,2019,1,10,13,0,4,4,5.2,2,5796
1,2019,1,10,13,1,4,4,5.2,1,5780
1,2019,1,10,13,2,4,4,5.2,1,5784
1,2019,1,10,13,3,4,4,5.2,1,5796
1,2019,1,10,14,0,4,4,5.2,1,5748
1,2019,1,10,14,1,4,4,5.2,1,5808
1,2019,1,10,14,2,4,4,5.2,1,5780
1,2019,1,10,14,3,4,4,5.2,1,5796
1,2019,1,10,15,0,4,4,5.2,1,5784
1,2019,1,10,15,1,4,4,5.2,2,5796
1,2019,1,10,15,2,4,4,5.2,2,5796
1,2019,1,10,15,3,4,4,5.2,2,5772
1,2019,1,10,16,0,4,4,5.2,2,5796
1,2019,1,10,16,1,4,4,5.2,3,5768
1,2019,1,10,16,2,4,4,5.2,3,5780
1,2019,1,10,16,3,4,4,5.2,3,5784
1,2019,1,10,17,0,4,4,5.2,3,5748
1,2019,1,10,17,1,4,4,5.2,2,5796
1,2019,1,10,17,2,4,4,5.2,2,5784
1,2019,1,10,17,3,4,4,5.2,2,5796
1,2019,1,10,18,0,4,4,5.2,2,5792
1,2019,1,10,18,1,4,4,5.2,1,5796
1,2019,1,10,18,2,4,4,5.2,1,5808
1,2019,1,10,18,3,4,4,5.2,1,5796
1,2019,1,10,19,0,4,4,5.2,1,5796
1,2019,1,10,19,1,4,4,5.2,1,5784
1,2019,1,10,19,2,4,4,5.2,1,5792
1,2019,1,10,19,3,4,4,5.2,1,5796
1,2019,1,10,20,0,4,4,5.2,1,5784
1,2019,1,10,20,1,4,4,5.2,1,5796
1,2019,1,10,20,2,4,4,5.2,1,6084
1,2019,1,10,20,3,4,4,5.2,1,6096
1,2019,1,10,21,0,4,4,5.2,1,6084
1,2019,1,10,21,1,4,4,5.2,1,6108
1,2019,1,10,21,2,4,4,5.2,1,6096
1,2019,1,10,21,3,4,4,5.2,1,6108
1,2019,1,10,22,0,4,4,5.2,1,6084
1,2019,1,10,22,1,4,4,5.2,1,6092
1,2019,1,10,22,2,4,4,5.2,1,4332
1,2019,1,10,22,3,4,4,5.2,1,4320
1,2019,1,10,23,0,4,4,5.2,1,4328
1,2019,1,10,23,1,4,4,5.2,1,4332
1,2019,1,10,23,2,4,4,5.2,1,4332
1,2019,1,10,23,3,4,4,5.2,1,4344
1,2019,1,11,0,0,4,4,5.2,1,4332
1,2019,1,11,0,1,5,4,8.1,1,4332
1,2019,1,11,0,2,5,4,8.1,1,4320
1,2019,1,11,0,3,5,4,8.1,1,3460
1,2019,1,11,1,0,5,4,8.1,1,3468
1,2019,1,11,1,1,5,4,8.1,1,3480
1,2019,1,11,1,2,5,4,8.1,1,3456
1,2019,1,11,1,3,5,4,8.1,1,3456
1,2019,1,11,2,0,5,4,8.1,1,3444
1,2019,1,11,2,1,5,4,8.1,1,3468
1,2019,1,11,2,2,5,4,8.1,1,3492
1,2019,1,11,2,3,5,4,8.1,1,3180
1,2019,1,11,3,0,5,4,8.1,1,1828
1,2019,1,11,3,1,5,4,8.1,1,1824
1,2019,1,11,3,2,5,4,8.1,1,1824
1,2019,1,11,3,3,5,4,8.1,1,1824
1,2019,1,11,4,0,5,4,8.1,1,1828
1,2019,1,11,4,1,5,4,8.1,1,1836
1,2019,1,11,4,2,5,4,8.1,1,1800
1,2019,1,11,4,3,5,4,8.1,1,1808
1,2019,1,11,5,0,5,4,8.1,1,1800
1,2019,1,11,5,1,5,4,8.1,1,1796
1,2019,1,11,5,2,5,4,8.1,1,1812
1,2019,1,11,5,3,5,4,8.1,1,1800
1,2019,1,11,6,0,5,4,8.1,1,1816
1,2019,1,11,6,1,5,4,8.1,2,1824
1,2019,1,11,6,2,5,4,8.1,2,1800
1,2019,1,11,6,3,5,4,8.1,2,1796
1,2019,1,11,7,0,5,4,8.1,2,1812
1,2019,1,11,7,1,5,4,8.1,2,1800
1,2019,1,11,7,2,5,4,8.1,2,1812
1,2019,1,11,7,3,5,4,8.1,2,1812
1,2019,1,11,8,0,5,4,8.1,2,1836
1,2019,1,11,8,1,5,4,8.1,3,1796
1,2019,1,11,8,2,5,4,8.1,3,1788
1,2019,1,11,8,3,5,4,8.1,3,1808
1,2019,1,11,9,0,5,4,8.1,3,1800
1,2019,1,11,9,1,5,4,8.1,2,1812
1,2019,1,11,9,2,5,4,8.1,2,2700
1,2019,1,11,9,3,5,4,8.1,2,2652
1,2019,1,11,10,0,5,4,8.1,2,2664
1,2019,1,11,10,1,5,4,8.1,1,2664
1,2019,1,11,10,2,5,4,8.1,1,4020
1,2019,1,11,10,3,5,4,8.1,1,4020
1,2019,1,11,11,0,5,4,8.1,1,4020
1,2019,1,11,11,1,5,4,8.1,1,4012
1,2019,1,11,11,2,5,4,8.1,1,3996
1,2019,1,11,11,3,5,4,8.1,1,5844
1,2019,1,11,12,0,5,4,8.1,1,5760
1,2019,1,11,12,1,5,4,8.1,1,5784
1,2019,1,11,12,2,5,4,8.1,1,5796
1,2019,1,11,12,3,5,4,8.1,1,5772
1,2019,1,11,13,0,5,4,8.1,1,5796
1,2019,1,11,13,1,5,4,8.1,1,5788
1,2019,1,11,13,2,5,4,8.1,1,5772
1,2019,1,11,13,3,5,4,8.1,1,5784
1,2019,1,11,14,0,5,4,8.1,1,5748
1,2019,1,11,14,1,5,4,8.1,1,5784
1,2019,1,11,14,2,5,4,8.1,1,5796
1,2019,1,11,14,3,5,4,8.1,1,5820
1,2019,1,11,15,0,5,4,8.1,1,5784
1,2019,1,11,15,1,5,4,8.1,2,5796
1,2019,1,11,15,2,5,4,8.1,2,5784
1,2019,1,11,15,3,5,4,8.1,2,5784
1,2019,1,11,16,0,5,4,8.1,2,5772
1,2019,1,11,16,1,5,4,8.1,2,5772
1,2019,1,11,16,2,5,4,8.1,2,5784
1,2019,1,11,16,3,5,4,8.1,2,5776
1,2019,1,11,17,0,5,4,8.1,2,5772
1,2019,1,11,17,1,5,4,8.1,3,5784
1,2019,1,11,17,2,5,4,8.1,3,5784
1,2019,1,11,17,3,5,4,8.1,3,5784
1,2019,1,11,18,0,5,4,8.1,3,5796
1,2019,1,11,18,1,5,4,8.1,4,5784
1,2019,1,11,18,2,5,4,8.1,4,5808
1,2019,1,11,18,3,5,4,8.1,4,5776
1,2019,1,11,19,0,5,4,8.1,4,5804
1,2019,1,11,19,1,5,4,8.1,4,5780
1,2019,1,11,19,2,5,4,8.1,4,5772
1,2019,1,11,19,3,5,4,8.1,4,5808
1,2019,1,11,20,0,5,4,8.1,4,5820
1,2019,1,11,20,1,5,4,8.1,3,5788
1,2019,1,11,20,2,5,4,8.1,3,5780
1,2019,1,11,20,3,5,4,8.1,3,5808
1,2019,1,11,21,0,5,4,8.1,3,5784
1,2019,1,11,21,1,5,4,8.1,4,5808
1,2019,1,11,21,2,5,4,8.1,4,5796
1,2019,1,11,21,3,5,4,8.1,4,5796
1,2019,1,11,22,0,5,4,8.1,4,5796
1,2019,1,11,22,1,5,4,8.1,4,5808
1,2019,1,11,22,2,5,4,8.1,4,4452
1,2019,1,11,22,3,5,4,8.1,4,4452
1,2019,1,11,23,0,5,4,8.1,4,4440
1,2019,1,11,23,1,5,4,8.1,4,4452
1,2019,1,11,23,2,5,4,8.1,4,4464
1,2019,1,11,23,3,5,4,8.1,4,4452
1,2019,1,12,0,0,5,1,8.1,4,4464
1,2019,1,12,0,1,6,5,5.9,4,4456
1,2019,1,12,0,2,6,5,5.9,4,4428
1,2019,1,12,0,3,6,5,5.9,4,4408
1,2019,1,12,1,0,6,5,5.9,4,2688
1,2019,1,12,1,1,6,5,5.9,4,2700
1,2019,1,12,1,2,6,5,5.9,4,2700
1,2019,1,12,1,3,6,5,5.9,4,2712
1,2019,1,12,2,0,6,5,5.9,4,2676
1,2019,1,12,2,1,6,5,5.9,4,2664
1,2019,1,12,2,2,6,5,5.9,4,2672
1,2019,1,12,2,3,6,5,5.9,4,2676
1,2019,1,12,3,0,6,5,5.9,4,2688
1,2019,1,12,3,1,6,5,5.9,4,2688
1,2019,1,12,3,2,6,5,5.9,4,2656
1,2019,1,12,3,3,6,5,5.9,4,2668
1,2019,1,12,4,0,6,5,5.9,4,2676
1,2019,1,12,4,1,6,5,5.9,4,2676
1,2019,1,12,4,2,6,5,5.9,4,1812
1,2019,1,12,4,3,6,5,5.9,4,1812
1,2019,1,12,5,0,6,5,5.9,4,1792
1,2019,1,12,5,1,6,5,5.9,4,1812
1,2019,1,12,5,2,6,5,5.9,4,1808
1,2019,1,12,5,3,6,5,5.9,4,1804
1,2019,1,12,6,0,6,5,5.9,4,1836
1,2019,1,12,6,1,6,5,5.9,4,1800
1,2019,1,12,6,2,6,5,5.9,4,1804
1,2019,1,12,6,3,6,5,5.9,4,1800
1,2019,1,12,7,0,6,5,5.9,4,1800
1,2019,1,12,7,1,6,5,5.9,4,1796
1,2019,1,12,7,2,6,5,5.9,4,1812
1,2019,1,12,7,3,6,5,5.9,4,1824
1,2019,1,12,8,0,6,5,5.9,4,1800
1,2019,1,12,8,1,6,5,5.9,4,1792
1,2019,1,12,8,2,6,5,5.9,4,1800
1,2019,1,12,8,3,6,5,5.9,4,1812
1,2019,1,12,9,0,6,5,5.9,4,1812
1,2019,1,12,9,1,6,5,5.9,4,1800
1,2019,1,12,9,2,6,5,5.9,4,1792
1,2019,1,12,9,3,6,5,5.9,4,1800
1,2019,1,12,10,0,6,5,5.9,4,1812
1,2019,1,12,10,1,6,5,5.9,4,1800
1,2019,1,12,10,2,6,5,5.9,4,1788
1,2019,1,12,10,3,6,5,5.9,4,1788
1,2019,1,12,11,0,6,5,5.9,4,1788
1,2019,1,12,11,1,6,5,5.9,4,1788
1,2019,1,12,11,2,6,5,5.9,4,1812
1,2019,1,12,11,3,6,5,5.9,4,2676
1,2019,1,12,12,0,6,5,5.9,4,4056
1,2019,1,12,12,1,6,5,5.9,4,4036
1,2019,1,12,12,2,6,5,5.9,4,4032
1,2019,1,12,12,3,6,5,5.9,4,4020
1,2019,1,12,13,0,6,5,5.9,4,4012
1,2019,1,12,13,1,6,5,5.9,4,4044
1,2019,1,12,13,2,6,5,5.9,4,5832
1,2019,1,12,13,3,6,5,5.9,4,5800
1,2019,1,12,14,0,6,5,5.9,4,5808
1,2019,1,12,14,1,6,5,5.9,4,5796
1,2019,1,12,14,2,6,5,5.9,4,5820
1,2019,1,12,14,3,6,5,5.9,4,5808
1,2019,1,12,15,0,6,5,5.9,4,5808
1,2019,1,12,15,1,6,5,5.9,4,5808
1,2019,1,12,15,2,6,5,5.9,4,5776
1,2019,1,12,15,3,6,5,5.9,4,5780
1,2019,1,12,16,0,6,5,5.9,4,5808
1,2019,1,12,16,1,6,5,5.9,3,5796
1,2019,1,12,16,2,6,5,5.9,3,5796
1,2019,1,12,16,3,6,5,5.9,3,5820
1,2019,1,12,17,0,6,5,5.9,3,5804
1,2019,1,12,17,1,6,5,5.9,3,5808
1,2019,1,12,17,2,6,5,5.9,3,5808
1,2019,1,12,17,3,6,5,5.9,3,5784
1,2019,1,12,18,0,6,5,5.9,3,5812
1,2019,1,12,18,1,6,5,5.9,1,4452
1,2019,1,12,18,2,6,5,5.9,1,4440
1,2019,1,12,18,3,6,5,5.9,1,4432
1,2019,1,12,19,0,6,5,5.9,1,4440
1,2019,1,12,19,1,6,5,5.9,1,3588
1,2019,1,12,19,2,6,5,5.9,1,3588
1,2019,1,12,19,3,6,5,5.9,1,3588
1,2019,1,12,20,0,6,5,5.9,1,3584
1,2019,1,12,20,1,6,5,5.9,1,3600
1,2019,1,12,20,2,6,5,5.9,1,3576
1,2019,1,12,20,3,6,5,5.9,1,3576
1,2019,1,12,21,0,6,5,5.9,1,3572
1,2019,1,12,21,1,6,5,5.9,1,3576
1,2019,1,12,21,2,6,5,5.9,1,3576
1,2019,1,12,21,3,6,5,5.9,1,3600
1,2019,1,12,22,0,6,5,5.9,1,3576
1,2019,1,12,22,1,6,5,5.9,2,3576
1,2019,1,12,22,2,6,5,5.9,2,3564
1,2019,1,12,22,3,6,5,5.9,2,3588
1,2019,1,12,23,0,6,5,5.9,2,3576
1,2019,1,12,23,1,6,5,5.9,2,3576
1,2019,1,12,23,2,6,5,5.9,2,3576
1,2019,1,12,23,3,6,5,5.9,2,3576
1,2019,1,13,0,0,6,5,5.9,2,3576
1,2019,1,13,0,1,7,5,9.3,4,3568
1,2019,1,13,0,2,7,5,9.3,4,3564
1,2019,1,13,0,3,7,5,9.3,4,1824
1,2019,1,13,1,0,7,5,9.3,4,1824
1,2019,1,13,1,1,7,5,9.3,4,1816
1,2019,1,13,1,2,7,5,9.3,4,1824
1,2019,1,13,1,3,7,5,9.3,4,1788
1,2019,1,13,2,0,7,5,9.3,4,1780
1,2019,1,13,2,1,7,5,9.3,4,1812
1,2019,1,13,2,2,7,5,9.3,4,1812
1,2019,1,13,2,3,7,5,9.3,4,1800
1,2019,1,13,3,0,7,5,9.3,4,1812
1,2019,1,13,3,1,7,5,9.3,4,1812
1,2019,1,13,3,2,7,5,9.3,4,1792
1,2019,1,13,3,3,7,5,9.3,4,1824
1,2019,1,13,4,0,7,5,9.3,4,1812
1,2019,1,13,4,1,7,5,9.3,4,1812
1,2019,1,13,4,2,7,5,9.3,4,1800
1,2019,1,13,4,3,7,5,9.3,4,1796
1,2019,1,13,5,0,7,5,9.3,4,1832
1,2019,1,13,5,1,7,5,9.3,4,1800
1,2019,1,13,5,2,7,5,9.3,4,1812
1,2019,1,13,5,3,7,5,9.3,4,1824
1,2019,1,13,6,0,7,5,9.3,4,1816
1,2019,1,13,6,1,7,5,9.3,4,1812
1,2019,1,13,6,2,7,5,9.3,4,1812
1,2019,1,13,6,3,7,5,9.3,4,1800
1,2019,1,13,7,0,7,5,9.3,4,1804
1,2019,1,13,7,1,7,5,9.3,4,1800
1,2019,1,13,7,2,7,5,9.3,4,1812
1,2019,1,13,7,3,7,5,9.3,4,1816
1,2019,1,13,8,0,7,5,9.3,4,1800
1,2019,1,13,8,1,7,5,9.3,4,1784
1,2019,1,13,8,2,7,5,9.3,4,1776
1,2019,1,13,8,3,7,5,9.3,4,1812
1,2019,1,13,9,0,7,5,9.3,4,1800
1,2019,1,13,9,1,7,5,9.3,2,1824
1,2019,1,13,9,2,7,5,9.3,2,1824
1,2019,1,13,9,3,7,5,9.3,2,1800
1,2019,1,13,10,0,7,5,9.3,2,1788
1,2019,1,13,10,1,7,5,9.3,1,1800
1,2019,1,13,10,2,7,5,9.3,1,1812
1,2019,1,13,10,3,7,5,9.3,1,1800
1,2019,1,13,11,0,7,5,9.3,1,1796
1,2019,1,13,11,1,7,5,9.3,1,1800
1,2019,1,13,11,2,7,5,9.3,1,1792
1,2019,1,13,11,3,7,5,9.3,1,1824
1,2019,1,13,12,0,7,5,9.3,1,1812
1,2019,1,13,12,1,7,5,9.3,1,1812
1,2019,1,13,12,2,7,5,9.3,1,2668
1,2019,1,13,12,3,7,5,9.3,1,2688
1,2019,1,13,13,0,7,5,9.3,1,2676
1,2019,1,13,13,1,7,5,9.3,1,4012
1,2019,1,13,13,2,7,5,9.3,1,4020
1,2019,1,13,13,3,7,5,9.3,1,4020
1,2019,1,13,14,0,7,5,9.3,1,4032
1,2019,1,13,14,1,7,5,9.3,1,4020
1,2019,1,13,14,2,7,5,9.3,1,4032
1,2019,1,13,14,3,7,5,9.3,1,4032
1,2019,1,13,15,0,7,5,9.3,1,4016
1,2019,1,13,15,1,7,5,9.3,1,4044
1,2019,1,13,15,2,7,5,9.3,1,4056
1,2019,1,13,15,3,7,5,9.3,1,4020
1,2019,1,13,16,0,7,5,9.3,1,4012
1,2019,1,13,16,1,7,5,9.3,1,5824
1,2019,1,13,16,2,7,5,9.3,1,5796
1,2019,1,13,16,3,7,5,9.3,1,5788
1,2019,1,13,17,0,7,5,9.3,1,5796
1,2019,1,13,17,1,7,5,9.3,1,5784
1,2019,1,13,17,2,7,5,9.3,1,4936
1,2019,1,13,17,3,7,5,9.3,1,4944
1,2019,1,13,18,0,7,5,9.3,1,5796
1,2019,1,13,18,1,7,5,9.3,1,4960
1,2019,1,13,18,2,7,5,9.3,1,4948
1,2019,1,13,18,3,7,5,9.3,1,4944
1,2019,1,13,19,0,7,5,9.3,1,4956
1,2019,1,13,19,1,7,5,9.3,1,4956
1,2019,1,13,19,2,7,5,9.3,1,4948
1,2019,1,13,19,3,7,5,9.3,1,4960
1,2019,1,13,20,0,7,5,9.3,1,4924
1,2019,1,13,20,1,7,5,9.3,1,4932
1,2019,1,13,20,2,7,5,9.3,1,4952
1,2019,1,13,20,3,7,5,9.3,1,4956
1,2019,1,13,21,0,7,5,9.3,1,4944
1,2019,1,13,21,1,7,5,9.3,1,4944
1,2019,1,13,21,2,7,5,9.3,1,4944
1,2019,1,13,21,3,7,5,9.3,1,4956
1,2019,1,13,22,0,7,5,9.3,1,4968
1,2019,1,13,22,1,7,5,9.3,1,5832
1,2019,1,13,22,2,7,5,9.3,1,5808
1,2019,1,13,22,3,7,5,9.3,1,5820
1,2019,1,13,23,0,7,5,9.3,1,5808
1,2019,1,13,23,1,7,5,9.3,1,5796
1,2019,1,13,23,2,7,5,9.3,1,5796
1,2019,1,13,23,3,7,5,9.3,1,5788
1,2019,1,14,0,0,7,5,9.3,1,5784
1,2019,1,14,0,1,1,4,9,1,5784
1,2019,1,14,0,2,1,4,9,1,4008
1,2019,1,14,0,3,1,4,9,1,2676
1,2019,1,14,1,0,1,4,9,1,1812
1,2019,1,14,1,1,1,4,9,1,1812
1,2019,1,14,1,2,1,4,9,1,1812
1,2019,1,14,1,3,1,4,9,1,1788
1,2019,1,14,2,0,1,4,9,1,1812
1,2019,1,14,2,1,1,4,9,1,1792
1,2019,1,14,2,2,1,4,9,1,1812
1,2019,1,14,2,3,1,4,9,1,1780
1,2019,1,14,3,0,1,4,9,1,1812
1,2019,1,14,3,1,1,4,9,1,1812
1,2019,1,14,3,2,1,4,9,1,1800
1,2019,1,14,3,3,1,4,9,1,1812
1,2019,1,14,4,0,1,4,9,1,1788
1,2019,1,14,4,1,1,4,9,1,1824
1,2019,1,14,4,2,1,4,9,1,1812
1,2019,1,14,4,3,1,4,9,1,1800
1,2019,1,14,5,0,1,4,9,1,1812
1,2019,1,14,5,1,1,4,9,1,1788
1,2019,1,14,5,2,1,4,9,1,1780
1,2019,1,14,5,3,1,4,9,1,1800
1,2019,1,14,6,0,1,4,9,1,1836
1,2019,1,14,6,1,1,4,9,1,1804
1,2019,1,14,6,2,1,4,9,1,1792
1,2019,1,14,6,3,1,4,9,1,1836
1,2019,1,14,7,0,1,4,9,1,1816
1,2019,1,14,7,1,1,4,9,1,1812
1,2019,1,14,7,2,1,4,9,1,1800
1,2019,1,14,7,3,1,4,9,1,1796
1,2019,1,14,8,0,1,4,9,1,1796
1,2019,1,14,8,1,1,4,9,1,1812
1,2019,1,14,8,2,1,4,9,1,1812
1,2019,1,14,8,3,1,4,9,1,1800
1,2019,1,14,9,0,1,4,9,1,1800
1,2019,1,14,9,1,1,4,9,1,1788
1,2019,1,14,9,2,1,4,9,1,1776
1,2019,1,14,9,3,1,4,9,1,1800
1,2019,1,14,10,0,1,4,9,1,1776
1,2019,1,14,10,1,1,4,9,1,3168
1,2019,1,14,10,2,1,4,9,1,3600
1,2019,1,14,10,3,1,4,9,1,3996
1,2019,1,14,11,0,1,4,9,1,3996
1,2019,1,14,11,1,1,4,9,2,5808
1,2019,1,14,11,2,1,4,9,2,5808
1,2019,1,14,11,3,1,4,9,2,5804
1,2019,1,14,12,0,1,4,9,2,5804
1,2019,1,14,12,1,1,4,9,3,5772
1,2019,1,14,12,2,1,4,9,3,5772
1,2019,1,14,12,3,1,4,9,3,5760
1,2019,1,14,13,0,1,4,9,3,5772
1,2019,1,14,13,1,1,4,9,3,5784
1,2019,1,14,13,2,1,4,9,3,5772
1,2019,1,14,13,3,1,4,9,3,5772
1,2019,1,14,14,0,1,4,9,3,5756
1,2019,1,14,14,1,1,4,9,3,5784
1,2019,1,14,14,2,1,4,9,3,5784
1,2019,1,14,14,3,1,4,9,3,5796
1,2019,1,14,15,0,1,4,9,3,5784
1,2019,1,14,15,1,1,4,9,3,5784
1,2019,1,14,15,2,1,4,9,3,5808
1,2019,1,14,15,3,1,4,9,3,5784
1,2019,1,14,16,0,1,4,9,3,5772
1,2019,1,14,16,1,1,4,9,3,5772
1,2019,1,14,16,2,1,4,9,3,5796
1,2019,1,14,16,3,1,4,9,3,5772
1,2019,1,14,17,0,1,4,9,3,5760
1,2019,1,14,17,1,1,4,9,3,5784
1,2019,1,14,17,2,1,4,9,3,5808
1,2019,1,14,17,3,1,4,9,3,5796
1,2019,1,14,18,0,1,4,9,3,6408
1,2019,1,14,18,1,1,4,9,4,6408
1,2019,1,14,18,2,1,4,9,4,6396
1,2019,1,14,18,3,1,4,9,4,6372
1,2019,1,14,19,0,1,4,9,4,6372
1,2019,1,14,19,1,1,4,9,3,6388
1,2019,1,14,19,2,1,4,9,3,6384
1,2019,1,14,19,3,1,4,9,3,5804
1,2019,1,14,20,0,1,4,9,3,5784
1,2019,1,14,20,1,1,4,9,2,5796
1,2019,1,14,20,2,1,4,9,2,5352
1,2019,1,14,20,3,1,4,9,2,3996
1,2019,1,14,21,0,1,4,9,2,4032
1,2019,1,14,21,1,1,4,9,3,5812
1,2019,1,14,21,2,1,4,9,3,4440
1,2019,1,14,21,3,1,4,9,3,4452
1,2019,1,14,22,0,1,4,9,3,2664
1,2019,1,14,22,1,1,4,9,3,2664
1,2019,1,14,22,2,1,4,9,3,2652
1,2019,1,14,22,3,1,4,9,3,2688
1,2019,1,14,23,0,1,4,9,3,2676
1,2019,1,14,23,1,1,4,9,3,2664
1,2019,1,14,23,2,1,4,9,3,2668
1,2019,1,14,23,3,1,4,9,3,3252
1,2019,1,15,0,0,1,4,9,3,3264
1,2019,1,15,0,1,2,4,7.6,4,4620
1,2019,1,15,0,2,2,4,7.6,4,4032
1,2019,1,15,0,3,2,4,7.6,4,4056
1,2019,1,15,1,0,2,4,7.6,4,4632
1,2019,1,15,1,1,2,4,7.6,4,4644
1,2019,1,15,1,2,2,4,7.6,4,4024
1,2019,1,15,1,3,2,4,7.6,4,4020
1,2019,1,15,2,0,2,4,7.6,4,2664
1,2019,1,15,2,1,2,4,7.6,3,2712
1,2019,1,15,2,2,2,4,7.6,3,2676
1,2019,1,15,2,3,2,4,7.6,3,2688
1,2019,1,15,3,0,2,4,7.6,3,1824
1,2019,1,15,3,1,2,4,7.6,4,1812
1,2019,1,15,3,2,2,4,7.6,4,1836
1,2019,1,15,3,3,2,4,7.6,4,1824
1,2019,1,15,4,0,2,4,7.6,4,1812
1,2019,1,15,4,1,2,4,7.6,3,1812
1,2019,1,15,4,2,2,4,7.6,3,1836
1,2019,1,15,4,3,2,4,7.6,3,1824
1,2019,1,15,5,0,2,4,7.6,3,1812
1,2019,1,15,5,1,2,4,7.6,3,1824
1,2019,1,15,5,2,2,4,7.6,3,1812
1,2019,1,15,5,3,2,4,7.6,3,1812
1,2019,1,15,6,0,2,4,7.6,3,1824
1,2019,1,15,6,1,2,4,7.6,3,1792
1,2019,1,15,6,2,2,4,7.6,3,2672
1,2019,1,15,6,3,2,4,7.6,3,3588
1,2019,1,15,7,0,2,4,7.6,3,1812
1,2019,1,15,7,1,2,4,7.6,3,1800
1,2019,1,15,7,2,2,4,7.6,3,1820
1,2019,1,15,7,3,2,4,7.6,3,1812
1,2019,1,15,8,0,2,4,7.6,3,1792
1,2019,1,15,8,1,2,4,7.6,1,1824
1,2019,1,15,8,2,2,4,7.6,1,1788
1,2019,1,15,8,3,2,4,7.6,1,1796
1,2019,1,15,9,0,2,4,7.6,1,1808
1,2019,1,15,9,1,2,4,7.6,1,1800
1,2019,1,15,9,2,2,4,7.6,1,1812
1,2019,1,15,9,3,2,4,7.6,1,2244
1,2019,1,15,10,0,2,4,7.6,1,2256
1,2019,1,15,10,1,2,4,7.6,1,1800
1,2019,1,15,10,2,2,4,7.6,1,3168
1,2019,1,15,10,3,2,4,7.6,1,4984
1,2019,1,15,11,0,2,4,7.6,1,4956
1,2019,1,15,11,1,2,4,7.6,1,4944
1,2019,1,15,11,2,2,4,7.6,1,4920
1,2019,1,15,11,3,2,4,7.6,1,4932
1,2019,1,15,12,0,2,4,7.6,1,4920
1,2019,1,15,12,1,2,4,7.6,1,4956
1,2019,1,15,12,2,2,4,7.6,1,4932
1,2019,1,15,12,3,2,4,7.6,1,5064
1,2019,1,15,13,0,2,4,7.6,1,5036
1,2019,1,15,13,1,2,4,7.6,1,5028
1,2019,1,15,13,2,2,4,7.6,1,5016
1,2019,1,15,13,3,2,4,7.6,1,5012
1,2019,1,15,14,0,2,4,7.6,1,3668
1,2019,1,15,14,1,2,4,7.6,2,3664
1,2019,1,15,14,2,2,4,7.6,2,3684
1,2019,1,15,14,3,2,4,7.6,2,3660
1,2019,1,15,15,0,2,4,7.6,2,3664
1,2019,1,15,15,1,2,4,7.6,3,3672
1,2019,1,15,15,2,2,4,7.6,3,3672
1,2019,1,15,15,3,2,4,7.6,3,3672
1,2019,1,15,16,0,2,4,7.6,3,3652
1,2019,1,15,16,1,2,4,7.6,3,3660
1,2019,1,15,16,2,2,4,7.6,3,3672
1,2019,1,15,16,3,2,4,7.6,3,3652
1,2019,1,15,17,0,2,4,7.6,3,3668
1,2019,1,15,17,1,2,4,7.6,4,3660
1,2019,1,15,17,2,2,4,7.6,4,4572
1,2019,1,15,17,3,2,4,7.6,4,4536
1,2019,1,15,18,0,2,4,7.6,4,4508
1,2019,1,15,18,1,2,4,7.6,4,4960
1,2019,1,15,18,2,2,4,7.6,4,4552
1,2019,1,15,18,3,2,4,7.6,4,4548
1,2019,1,15,19,0,2,4,7.6,4,4548
1,2019,1,15,19,1,2,4,7.6,4,4548
1,2019,1,15,19,2,2,4,7.6,4,4540
1,2019,1,15,19,3,2,4,7.6,4,4556
1,2019,1,15,20,0,2,4,7.6,4,4596
1,2019,1,15,20,1,2,4,7.6,4,4560
1,2019,1,15,20,2,2,4,7.6,4,4532
1,2019,1,15,20,3,2,4,7.6,4,4548
1,2019,1,15,21,0,2,4,7.6,4,4552
1,2019,1,15,21,1,2,4,7.6,4,4572
1,2019,1,15,21,2,2,4,7.6,4,4556
1,2019,1,15,21,3,2,4,7.6,4,4560
1,2019,1,15,22,0,2,4,7.6,4,4560
1,2019,1,15,22,1,2,4,7.6,4,4572
1,2019,1,15,22,2,2,4,7.6,4,4560
1,2019,1,15,22,3,2,4,7.6,4,4572
1,2019,1,15,23,0,2,4,7.6,4,4536
1,2019,1,15,23,1,2,4,7.6,4,3708
1,2019,1,15,23,2,2,4,7.6,4,3708
1,2019,1,15,23,3,2,4,7.6,4,3708
1,2019,1,16,0,0,2,4,7.6,4,3708
1,2019,1,16,0,1,3,4,-5.4,4,3708
1,2019,1,16,0,2,3,4,-5.4,4,1936
1,2019,1,16,0,3,3,4,-5.4,4,1956
1,2019,1,16,1,0,3,4,-5.4,4,1920
1,2019,1,16,1,1,3,4,-5.4,1,1944
1,2019,1,16,1,2,3,4,-5.4,1,1932
1,2019,1,16,1,3,3,4,-5.4,1,1944
1,2019,1,16,2,0,3,4,-5.4,1,1900
1,2019,1,16,2,1,3,4,-5.4,1,1920
1,2019,1,16,2,2,3,4,-5.4,1,1912
1,2019,1,16,2,3,3,4,-5.4,1,1936
1,2019,1,16,3,0,3,4,-5.4,1,1956
1,2019,1,16,3,1,3,4,-5.4,1,1932
1,2019,1,16,3,2,3,4,-5.4,1,1936
1,2019,1,16,3,3,3,4,-5.4,1,1928
1,2019,1,16,4,0,3,4,-5.4,1,1932
1,2019,1,16,4,1,3,4,-5.4,2,1948
1,2019,1,16,4,2,3,4,-5.4,2,1932
1,2019,1,16,4,3,3,4,-5.4,2,1924
1,2019,1,16,5,0,3,4,-5.4,2,1932
1,2019,1,16,5,1,3,4,-5.4,2,1932
1,2019,1,16,5,2,3,4,-5.4,2,1936
1,2019,1,16,5,3,3,4,-5.4,2,1916
1,2019,1,16,6,0,3,4,-5.4,2,1920
1,2019,1,16,6,1,3,4,-5.4,2,1932
1,2019,1,16,6,2,3,4,-5.4,2,1932
1,2019,1,16,6,3,3,4,-5.4,2,1904
1,2019,1,16,7,0,3,4,-5.4,2,1932
1,2019,1,16,7,1,3,4,-5.4,2,1912
1,2019,1,16,7,2,3,4,-5.4,2,1924
1,2019,1,16,7,3,3,4,-5.4,2,1928
1,2019,1,16,8,0,3,4,-5.4,2,1912
1,2019,1,16,8,1,3,4,-5.4,2,1912
1,2019,1,16,8,2,3,4,-5.4,2,1920
1,2019,1,16,8,3,3,4,-5.4,2,1932
1,2019,1,16,9,0,3,4,-5.4,2,1908
1,2019,1,16,9,1,3,4,-5.4,2,1908
1,2019,1,16,9,2,3,4,-5.4,2,1920
1,2019,1,16,9,3,3,4,-5.4,2,1916
1,2019,1,16,10,0,3,4,-5.4,2,1892
1,2019,1,16,10,1,3,4,-5.4,2,1896
1,2019,1,16,10,2,3,4,-5.4,2,1904
1,2019,1,16,10,3,3,4,-5.4,2,3252
1,2019,1,16,11,0,3,4,-5.4,2,3248
1,2019,1,16,11,1,3,4,-5.4,1,6324
1,2019,1,16,11,2,3,4,-5.4,1,6324
1,2019,1,16,11,3,3,4,-5.4,1,6316
1,2019,1,16,12,0,3,4,-5.4,1,6324
1,2019,1,16,12,1,3,4,-5.4,2,5016
1,2019,1,16,12,2,3,4,-5.4,2,5048
1,2019,1,16,12,3,3,4,-5.4,2,5028
1,2019,1,16,13,0,3,4,-5.4,2,5028
1,2019,1,16,13,1,3,4,-5.4,1,5028
1,2019,1,16,13,2,3,4,-5.4,1,5020
1,2019,1,16,13,3,3,4,-5.4,1,5004
1,2019,1,16,14,0,3,4,-5.4,1,4500
1,2019,1,16,14,1,3,4,-5.4,1,4528
1,2019,1,16,14,2,3,4,-5.4,1,4524
1,2019,1,16,14,3,3,4,-5.4,1,3672
1,2019,1,16,15,0,3,4,-5.4,1,3684
1,2019,1,16,15,1,3,4,-5.4,1,3656
1,2019,1,16,15,2,3,4,-5.4,1,3660
1,2019,1,16,15,3,3,4,-5.4,1,3628
1,2019,1,16,16,0,3,4,-5.4,1,3660
1,2019,1,16,16,1,3,4,-5.4,1,3640
1,2019,1,16,16,2,3,4,-5.4,1,3660
1,2019,1,16,16,3,3,4,-5.4,1,3652
1,2019,1,16,17,0,3,4,-5.4,1,3648
1,2019,1,16,17,1,3,4,-5.4,1,3660
1,2019,1,16,17,2,3,4,-5.4,1,3660
1,2019,1,16,17,3,3,4,-5.4,1,3660
1,2019,1,16,18,0,3,4,-5.4,1,3672
1,2019,1,16,18,1,3,4,-5.4,1,3672
1,2019,1,16,18,2,3,4,-5.4,1,3660
1,2019,1,16,18,3,3,4,-5.4,1,3660
1,2019,1,16,19,0,3,4,-5.4,1,3660
1,2019,1,16,19,1,3,4,-5.4,1,3636
1,2019,1,16,19,2,3,4,-5.4,1,3648
1,2019,1,16,19,3,3,4,-5.4,1,3684
1,2019,1,16,20,0,3,4,-5.4,1,3684
1,2019,1,16,20,1,3,4,-5.4,1,3676
1,2019,1,16,20,2,3,4,-5.4,1,3672
1,2019,1,16,20,3,3,4,-5.4,1,3660
1,2019,1,16,21,0,3,4,-5.4,1,3664
1,2019,1,16,21,1,3,4,-5.4,1,3668
1,2019,1,16,21,2,3,4,-5.4,1,3660
1,2019,1,16,21,3,3,4,-5.4,1,3684
1,2019,1,16,22,0,3,4,-5.4,1,3672
1,2019,1,16,22,1,3,4,-5.4,3,3660
1,2019,1,16,22,2,3,4,-5.4,3,3668
1,2019,1,16,22,3,3,4,-5.4,3,3672
1,2019,1,16,23,0,3,4,-5.4,3,3684
1,2019,1,16,23,1,3,4,-5.4,3,3664
1,2019,1,16,23,2,3,4,-5.4,3,3664
1,2019,1,16,23,3,3,4,-5.4,3,3684
1,2019,1,17,0,0,3,4,-5.4,3,3684
1,2019,1,17,0,1,4,4,5,1,3672
1,2019,1,17,0,2,4,4,5,1,3696
1,2019,1,17,0,3,4,4,5,1,1912
1,2019,1,17,1,0,4,4,5,1,1908
1,2019,1,17,1,1,4,4,5,1,1908
1,2019,1,17,1,2,4,4,5,1,1900
1,2019,1,17,1,3,4,4,5,1,1896
1,2019,1,17,2,0,4,4,5,1,1888
1,2019,1,17,2,1,4,4,5,3,1888
1,2019,1,17,2,2,4,4,5,3,1908
1,2019,1,17,2,3,4,4,5,3,1908
1,2019,1,17,3,0,4,4,5,3,1908
1,2019,1,17,3,1,4,4,5,2,1920
1,2019,1,17,3,2,4,4,5,2,1920
1,2019,1,17,3,3,4,4,5,2,1900
1,2019,1,17,4,0,4,4,5,2,1920
1,2019,1,17,4,1,4,4,5,3,1896
1,2019,1,17,4,2,4,4,5,3,1912
1,2019,1,17,4,3,4,4,5,3,1896
1,2019,1,17,5,0,4,4,5,3,1920
1,2019,1,17,5,1,4,4,5,3,1896
1,2019,1,17,5,2,4,4,5,3,1908
1,2019,1,17,5,3,4,4,5,3,1884
1,2019,1,17,6,0,4,4,5,3,1920
1,2019,1,17,6,1,4,4,5,2,1900
1,2019,1,17,6,2,4,4,5,2,1896
1,2019,1,17,6,3,4,4,5,2,1872
1,2019,1,17,7,0,4,4,5,2,1892
1,2019,1,17,7,1,4,4,5,3,1884
1,2019,1,17,7,2,4,4,5,3,1896
1,2019,1,17,7,3,4,4,5,3,1908
1,2019,1,17,8,0,4,4,5,3,1876
1,2019,1,17,8,1,4,4,5,3,1900
1,2019,1,17,8,2,4,4,5,3,1880
1,2019,1,17,8,3,4,4,5,3,1896
1,2019,1,17,9,0,4,4,5,3,1876
1,2019,1,17,9,1,4,4,5,3,1876
1,2019,1,17,9,2,4,4,5,3,1888
1,2019,1,17,9,3,4,4,5,3,1884
1,2019,1,17,10,0,4,4,5,3,1888
1,2019,1,17,10,1,4,4,5,2,1884
1,2019,1,17,10,2,4,4,5,2,1868
1,2019,1,17,10,3,4,4,5,2,3708
1,2019,1,17,11,0,4,4,5,2,3672
1,2019,1,17,11,1,4,4,5,3,5028
1,2019,1,17,11,2,4,4,5,3,5016
1,2019,1,17,11,3,4,4,5,3,5048
1,2019,1,17,12,0,4,4,5,3,5016
1,2019,1,17,12,1,4,4,5,2,5040
1,2019,1,17,12,2,4,4,5,2,5020
1,2019,1,17,12,3,4,4,5,2,5028
1,2019,1,17,13,0,4,4,5,2,5024
1,2019,1,17,13,1,4,4,5,2,5008
1,2019,1,17,13,2,4,4,5,2,5004
1,2019,1,17,13,3,4,4,5,2,3652
1,2019,1,17,14,0,4,4,5,2,3652
1,2019,1,17,14,1,4,4,5,3,3640
1,2019,1,17,14,2,4,4,5,3,3648
1,2019,1,17,14,3,4,4,5,3,3648
1,2019,1,17,15,0,4,4,5,3,3660
1,2019,1,17,15,1,4,4,5,3,3660
1,2019,1,17,15,2,4,4,5,3,3648
1,2019,1,17,15,3,4,4,5,3,3672
1,2019,1,17,16,0,4,4,5,3,3660
1,2019,1,17,16,1,4,4,5,3,3660
1,2019,1,17,16,2,4,4,5,3,3672
1,2019,1,17,16,3,4,4,5,3,3664
1,2019,1,17,17,0,4,4,5,3,3672
1,2019,1,17,17,1,4,4,5,2,3648
1,2019,1,17,17,2,4,4,5,2,3644
1,2019,1,17,17,3,4,4,5,2,3652
1,2019,1,17,18,0,4,4,5,2,3664
1,2019,1,17,18,1,4,4,5,1,3652
1,2019,1,17,18,2,4,4,5,1,3648
1,2019,1,17,18,3,4,4,5,1,3660
1,2019,1,17,19,0,4,4,5,1,3660
1,2019,1,17,19,1,4,4,5,1,3652
1,2019,1,17,19,2,4,4,5,1,3648
1,2019,1,17,19,3,4,4,5,1,3648
1,2019,1,17,20,0,4,4,5,1,3672
1,2019,1,17,20,1,4,4,5,1,3672
1,2019,1,17,20,2,4,4,5,1,3656
1,2019,1,17,20,3,4,4,5,1,3660
1,2019,1,17,21,0,4,4,5,1,3652
1,2019,1,17,21,1,4,4,5,1,4548
1,2019,1,17,21,2,4,4,5,1,4532
1,2019,1,17,21,3,4,4,5,1,4548
1,2019,1,17,22,0,4,4,5,1,4536
1,2019,1,17,22,1,4,4,5,1,4548
1,2019,1,17,22,2,4,4,5,1,4536
1,2019,1,17,22,3,4,4,5,1,4536
1,2019,1,17,23,0,4,4,5,1,4512
1,2019,1,17,23,1,4,4,5,1,4516
1,2019,1,17,23,2,4,4,5,1,4548
1,2019,1,17,23,3,4,4,5,1,4560
1,2019,1,18,0,0,4,4,5,1,4536
1,2019,1,18,0,1,5,4,8.8,1,3672
1,2019,1,18,0,2,5,4,8.8,1,1908
1,2019,1,18,0,3,5,4,8.8,1,1920
1,2019,1,18,1,0,5,4,8.8,1,1896
1,2019,1,18,1,1,5,4,8.8,1,1900
1,2019,1,18,1,2,5,4,8.8,1,1908
1,2019,1,18,1,3,5,4,8.8,1,1900
1,2019,1,18,2,0,5,4,8.8,1,1920
1,2019,1,18,2,1,5,4,8.8,1,1924
1,2019,1,18,2,2,5,4,8.8,1,1908
1,2019,1,18,2,3,5,4,8.8,1,1908
1,2019,1,18,3,0,5,4,8.8,1,1908
1,2019,1,18,3,1,5,4,8.8,1,1948
1,2019,1,18,3,2,5,4,8.8,1,1896
1,2019,1,18,3,3,5,4,8.8,1,1884
1,2019,1,18,4,0,5,4,8.8,1,1900
1,2019,1,18,4,1,5,4,8.8,1,1884
1,2019,1,18,4,2,5,4,8.8,1,1884
1,2019,1,18,4,3,5,4,8.8,1,1916
1,2019,1,18,5,0,5,4,8.8,1,1900
1,2019,1,18,5,1,5,4,8.8,1,1904
1,2019,1,18,5,2,5,4,8.8,1,1920
1,2019,1,18,5,3,5,4,8.8,1,1908
1,2019,1,18,6,0,5,4,8.8,1,1920
1,2019,1,18,6,1,5,4,8.8,1,1896
1,2019,1,18,6,2,5,4,8.8,1,1908
1,2019,1,18,6,3,5,4,8.8,1,1896
1,2019,1,18,7,0,5,4,8.8,1,1884
1,2019,1,18,7,1,5,4,8.8,1,1900
1,2019,1,18,7,2,5,4,8.8,1,1896
1,2019,1,18,7,3,5,4,8.8,1,1908
1,2019,1,18,8,0,5,4,8.8,1,1896
1,2019,1,18,8,1,5,4,8.8,1,1876
1,2019,1,18,8,2,5,4,8.8,1,1904
1,2019,1,18,8,3,5,4,8.8,1,1880
1,2019,1,18,9,0,5,4,8.8,1,1884
1,2019,1,18,9,1,5,4,8.8,1,1920
1,2019,1,18,9,2,5,4,8.8,1,1896
1,2019,1,18,9,3,5,4,8.8,1,1880
1,2019,1,18,10,0,5,4,8.8,1,1896
1,2019,1,18,10,1,5,4,8.8,1,1892
1,2019,1,18,10,2,5,4,8.8,1,3268
1,2019,1,18,10,3,5,4,8.8,1,3264
1,2019,1,18,11,0,5,4,8.8,1,3276
1,2019,1,18,11,1,5,4,8.8,1,5040
1,2019,1,18,11,2,5,4,8.8,1,5036
1,2019,1,18,11,3,5,4,8.8,1,5040
1,2019,1,18,12,0,5,4,8.8,1,5028
1,2019,1,18,12,1,5,4,8.8,1,5028
1,2019,1,18,12,2,5,4,8.8,1,4996
1,2019,1,18,12,3,5,4,8.8,1,5028
1,2019,1,18,13,0,5,4,8.8,1,5020
1,2019,1,18,13,1,5,4,8.8,1,5008
1,2019,1,18,13,2,5,4,8.8,1,5008
1,2019,1,18,13,3,5,4,8.8,1,3672
1,2019,1,18,14,0,5,4,8.8,1,3636
1,2019,1,18,14,1,5,4,8.8,1,3636
1,2019,1,18,14,2,5,4,8.8,1,3660
1,2019,1,18,14,3,5,4,8.8,1,3660
1,2019,1,18,15,0,5,4,8.8,1,3660
1,2019,1,18,15,1,5,4,8.8,1,3664
1,2019,1,18,15,2,5,4,8.8,1,4548
1,2019,1,18,15,3,5,4,8.8,1,4548
1,2019,1,18,16,0,5,4,8.8,1,4532
1,2019,1,18,16,1,5,4,8.8,1,4524
1,2019,1,18,16,2,5,4,8.8,1,4508
1,2019,1,18,16,3,5,4,8.8,1,5884
1,2019,1,18,17,0,5,4,8.8,1,5864
1,2019,1,18,17,1,5,4,8.8,1,5856
1,2019,1,18,17,2,5,4,8.8,1,5852
1,2019,1,18,17,3,5,4,8.8,1,5856
1,2019,1,18,18,0,5,4,8.8,1,5868
1,2019,1,18,18,1,5,4,8.8,1,5844
1,2019,1,18,18,2,5,4,8.8,1,5868
1,2019,1,18,18,3,5,4,8.8,1,5856
1,2019,1,18,19,0,5,4,8.8,1,5856
1,2019,1,18,19,1,5,4,8.8,3,5892
1,2019,1,18,19,2,5,4,8.8,3,5836
1,2019,1,18,19,3,5,4,8.8,3,5880
1,2019,1,18,20,0,5,4,8.8,3,5868
1,2019,1,18,20,1,5,4,8.8,2,5868
1,2019,1,18,20,2,5,4,8.8,2,5880
1,2019,1,18,20,3,5,4,8.8,2,5876
1,2019,1,18,21,0,5,4,8.8,2,5844
1,2019,1,18,21,1,5,4,8.8,3,5856
1,2019,1,18,21,2,5,4,8.8,3,5860
1,2019,1,18,21,3,5,4,8.8,3,5844
1,2019,1,18,22,0,5,4,8.8,3,5856
1,2019,1,18,22,1,5,4,8.8,4,5880
1,2019,1,18,22,2,5,4,8.8,4,5872
1,2019,1,18,22,3,5,4,8.8,4,5868
1,2019,1,18,23,0,5,4,8.8,4,5856
1,2019,1,18,23,1,5,4,8.8,4,5868
1,2019,1,18,23,2,5,4,8.8,4,5868
1,2019,1,18,23,3,5,4,8.8,4,5868
1,2019,1,19,0,0,5,1,8.8,4,4548
1,2019,1,19,0,1,6,5,9.6,4,4548
1,2019,1,19,0,2,6,5,9.6,4,2772
1,2019,1,19,0,3,6,5,9.6,4,2760
1,2019,1,19,1,0,6,5,9.6,4,2772
1,2019,1,19,1,1,6,5,9.6,4,2760
1,2019,1,19,1,2,6,5,9.6,4,2748
1,2019,1,19,1,3,6,5,9.6,4,2780
1,2019,1,19,2,0,6,5,9.6,4,2764
1,2019,1,19,2,1,6,5,9.6,4,2788
1,2019,1,19,2,2,6,5,9.6,4,2760
1,2019,1,19,2,3,6,5,9.6,4,2772
1,2019,1,19,3,0,6,5,9.6,4,2784
1,2019,1,19,3,1,6,5,9.6,4,2772
1,2019,1,19,3,2,6,5,9.6,4,2772
1,2019,1,19,3,3,6,5,9.6,4,2748
1,2019,1,19,4,0,6,5,9.6,4,2796
1,2019,1,19,4,1,6,5,9.6,4,2776
1,2019,1,19,4,2,6,5,9.6,4,2748
1,2019,1,19,4,3,6,5,9.6,4,1884
1,2019,1,19,5,0,6,5,9.6,4,1908
1,2019,1,19,5,1,6,5,9.6,4,1896
1,2019,1,19,5,2,6,5,9.6,4,1908
1,2019,1,19,5,3,6,5,9.6,4,1908
1,2019,1,19,6,0,6,5,9.6,4,1920
1,2019,1,19,6,1,6,5,9.6,3,1920
1,2019,1,19,6,2,6,5,9.6,3,1912
1,2019,1,19,6,3,6,5,9.6,3,1896
1,2019,1,19,7,0,6,5,9.6,3,1904
1,2019,1,19,7,1,6,5,9.6,4,1912
1,2019,1,19,7,2,6,5,9.6,4,1892
1,2019,1,19,7,3,6,5,9.6,4,1916
1,2019,1,19,8,0,6,5,9.6,4,1908
1,2019,1,19,8,1,6,5,9.6,4,1896
1,2019,1,19,8,2,6,5,9.6,4,1880
1,2019,1,19,8,3,6,5,9.6,4,1896
1,2019,1,19,9,0,6,5,9.6,4,1896
1,2019,1,19,9,1,6,5,9.6,3,1896
1,2019,1,19,9,2,6,5,9.6,3,1920
1,2019,1,19,9,3,6,5,9.6,3,1908
1,2019,1,19,10,0,6,5,9.6,3,1896
1,2019,1,19,10,1,6,5,9.6,2,1908
1,2019,1,19,10,2,6,5,9.6,2,1872
1,2019,1,19,10,3,6,5,9.6,2,3256
1,2019,1,19,11,0,6,5,9.6,2,3256
1,2019,1,19,11,1,6,5,9.6,1,3288
1,2019,1,19,11,2,6,5,9.6,1,3260
1,2019,1,19,11,3,6,5,9.6,1,3276
1,2019,1,19,12,0,6,5,9.6,1,3260
1,2019,1,19,12,1,6,5,9.6,1,3276
1,2019,1,19,12,2,6,5,9.6,1,3256
1,2019,1,19,12,3,6,5,9.6,1,3264
1,2019,1,19,13,0,6,5,9.6,1,3276
1,2019,1,19,13,1,6,5,9.6,1,3252
1,2019,1,19,13,2,6,5,9.6,1,3240
1,2019,1,19,13,3,6,5,9.6,1,5056
1,2019,1,19,14,0,6,5,9.6,1,5052
1,2019,1,19,14,1,6,5,9.6,4,5048
1,2019,1,19,14,2,6,5,9.6,4,5040
1,2019,1,19,14,3,6,5,9.6,4,5052
1,2019,1,19,15,0,6,5,9.6,4,5064
1,2019,1,19,15,1,6,5,9.6,4,5040
1,2019,1,19,15,2,6,5,9.6,4,5052
1,2019,1,19,15,3,6,5,9.6,4,5028
1,2019,1,19,16,0,6,5,9.6,4,5008
1,2019,1,19,16,1,6,5,9.6,4,5028
1,2019,1,19,16,2,6,5,9.6,4,5028
1,2019,1,19,16,3,6,5,9.6,4,5028
1,2019,1,19,17,0,6,5,9.6,4,5032
1,2019,1,19,17,1,6,5,9.6,4,5052
1,2019,1,19,17,2,6,5,9.6,4,5036
1,2019,1,19,17,3,6,5,9.6,4,5016
1,2019,1,19,18,0,6,5,9.6,4,5028
1,2019,1,19,18,1,6,5,9.6,4,5028
1,2019,1,19,18,2,6,5,9.6,4,5028
1,2019,1,19,18,3,6,5,9.6,4,5052
1,2019,1,19,19,0,6,5,9.6,4,5052
1,2019,1,19,19,1,6,5,9.6,4,5052
1,2019,1,19,19,2,6,5,9.6,4,5048
1,2019,1,19,19,3,6,5,9.6,4,5052
1,2019,1,19,20,0,6,5,9.6,4,5040
1,2019,1,19,20,1,6,5,9.6,4,5048
1,2019,1,19,20,2,6,5,9.6,4,5064
1,2019,1,19,20,3,6,5,9.6,4,5052
1,2019,1,19,21,0,6,5,9.6,4,5040
1,2019,1,19,21,1,6,5,9.6,4,5924
1,2019,1,19,21,2,6,5,9.6,4,5896
1,2019,1,19,21,3,6,5,9.6,4,5908
1,2019,1,19,22,0,6,5,9.6,4,5940
1,2019,1,19,22,1,6,5,9.6,4,5904
1,2019,1,19,22,2,6,5,9.6,4,5892
1,2019,1,19,22,3,6,5,9.6,4,5928
1,2019,1,19,23,0,6,5,9.6,4,5896
1,2019,1,19,23,1,6,5,9.6,4,4524
1,2019,1,19,23,2,6,5,9.6,4,4544
1,2019,1,19,23,3,6,5,9.6,4,4512
1,2019,1,20,0,0,6,5,9.6,4,3672
1,2019,1,20,0,1,7,5,6.4,4,3684
1,2019,1,20,0,2,7,5,6.4,4,1908
1,2019,1,20,0,3,7,5,6.4,4,1888
1,2019,1,20,1,0,7,5,6.4,4,1908
1,2019,1,20,1,1,7,5,6.4,4,1920
1,2019,1,20,1,2,7,5,6.4,4,1896
1,2019,1,20,1,3,7,5,6.4,4,1896
1,2019,1,20,2,0,7,5,6.4,4,1896
1,2019,1,20,2,1,7,5,6.4,4,1896
1,2019,1,20,2,2,7,5,6.4,4,1888
1,2019,1,20,2,3,7,5,6.4,4,1904
1,2019,1,20,3,0,7,5,6.4,4,1908
1,2019,1,20,3,1,7,5,6.4,4,1908
1,2019,1,20,3,2,7,5,6.4,4,1896
1,2019,1,20,3,3,7,5,6.4,4,1908
1,2019,1,20,4,0,7,5,6.4,4,1920
1,2019,1,20,4,1,7,5,6.4,4,1896
1,2019,1,20,4,2,7,5,6.4,4,1896
1,2019,1,20,4,3,7,5,6.4,4,1892
1,2019,1,20,5,0,7,5,6.4,4,1908
1,2019,1,20,5,1,7,5,6.4,4,1892
1,2019,1,20,5,2,7,5,6.4,4,1896
1,2019,1,20,5,3,7,5,6.4,4,1900
1,2019,1,20,6,0,7,5,6.4,4,1908
1,2019,1,20,6,1,7,5,6.4,3,1884
1,2019,1,20,6,2,7,5,6.4,3,1908
1,2019,1,20,6,3,7,5,6.4,3,1900
1,2019,1,20,7,0,7,5,6.4,3,1908
1,2019,1,20,7,1,7,5,6.4,2,1900
1,2019,1,20,7,2,7,5,6.4,2,1896
1,2019,1,20,7,3,7,5,6.4,2,1908
1,2019,1,20,8,0,7,5,6.4,2,1908
1,2019,1,20,8,1,7,5,6.4,1,1888
1,2019,1,20,8,2,7,5,6.4,1,1908
1,2019,1,20,8,3,7,5,6.4,1,1884
1,2019,1,20,9,0,7,5,6.4,1,1904
1,2019,1,20,9,1,7,5,6.4,1,1920
1,2019,1,20,9,2,7,5,6.4,1,1896
1,2019,1,20,9,3,7,5,6.4,1,1908
1,2019,1,20,10,0,7,5,6.4,1,1896
1,2019,1,20,10,1,7,5,6.4,1,1908
1,2019,1,20,10,2,7,5,6.4,1,1900
1,2019,1,20,10,3,7,5,6.4,1,1904
1,2019,1,20,11,0,7,5,6.4,1,1908
1,2019,1,20,11,1,7,5,6.4,1,1888
1,2019,1,20,11,2,7,5,6.4,1,1908
1,2019,1,20,11,3,7,5,6.4,1,1872
1,2019,1,20,12,0,7,5,6.4,1,1884
1,2019,1,20,12,1,7,5,6.4,1,1896
1,2019,1,20,12,2,7,5,6.4,1,1920
1,2019,1,20,12,3,7,5,6.4,1,1896
1,2019,1,20,13,0,7,5,6.4,1,3240
1,2019,1,20,13,1,7,5,6.4,1,3252
1,2019,1,20,13,2,7,5,6.4,1,3240
1,2019,1,20,13,3,7,5,6.4,1,3256
1,2019,1,20,14,0,7,5,6.4,1,3252
1,2019,1,20,14,1,7,5,6.4,1,3252
1,2019,1,20,14,2,7,5,6.4,1,3248
1,2019,1,20,14,3,7,5,6.4,1,3240
1,2019,1,20,15,0,7,5,6.4,1,4108
1,2019,1,20,15,1,7,5,6.4,1,4108
1,2019,1,20,15,2,7,5,6.4,1,4128
1,2019,1,20,15,3,7,5,6.4,1,4104
1,2019,1,20,16,0,7,5,6.4,1,5772
1,2019,1,20,16,1,7,5,6.4,1,5772
1,2019,1,20,16,2,7,5,6.4,1,5752
1,2019,1,20,16,3,7,5,6.4,1,5736
1,2019,1,20,17,0,7,5,6.4,1,5436
1,2019,1,20,17,1,7,5,6.4,1,5440
1,2019,1,20,17,2,7,5,6.4,1,5440
1,2019,1,20,17,3,7,5,6.4,1,5460
1,2019,1,20,18,0,7,5,6.4,1,5456
1,2019,1,20,18,1,7,5,6.4,1,5464
1,2019,1,20,18,2,7,5,6.4,1,5456
1,2019,1,20,18,3,7,5,6.4,1,5452
1,2019,1,20,19,0,7,5,6.4,1,5448
1,2019,1,20,19,1,7,5,6.4,1,5460
1,2019,1,20,19,2,7,5,6.4,1,5448
1,2019,1,20,19,3,7,5,6.4,1,5868
1,2019,1,20,20,0,7,5,6.4,1,5888
1,2019,1,20,20,1,7,5,6.4,1,5912
1,2019,1,20,20,2,7,5,6.4,1,5904
1,2019,1,20,20,3,7,5,6.4,1,5900
1,2019,1,20,21,0,7,5,6.4,1,5892
1,2019,1,20,21,1,7,5,6.4,1,5884
1,2019,1,20,21,2,7,5,6.4,1,5896
1,2019,1,20,21,3,7,5,6.4,1,5028
1,2019,1,20,22,0,7,5,6.4,1,5048
1,2019,1,20,22,1,7,5,6.4,1,5048
1,2019,1,20,22,2,7,5,6.4,1,5028
1,2019,1,20,22,3,7,5,6.4,1,5052
1,2019,1,20,23,0,7,5,6.4,1,5052
1,2019,1,20,23,1,7,5,6.4,1,5900
1,2019,1,20,23,2,7,5,6.4,1,4524
1,2019,1,20,23,3,7,5,6.4,1,4548
1,2019,1,21,0,0,7,5,6.4,1,4536
1,2019,1,21,0,1,1,4,8,1,2756
1,2019,1,21,0,2,1,4,8,1,2784
1,2019,1,21,0,3,1,4,8,1,2764
1,2019,1,21,1,0,1,4,8,1,2760
1,2019,1,21,1,1,1,4,8,1,2788
1,2019,1,21,1,2,1,4,8,1,2764
1,2019,1,21,1,3,1,4,8,1,2772
1,2019,1,21,2,0,1,4,8,1,2784
1,2019,1,21,2,1,1,4,8,1,2796
1,2019,1,21,2,2,1,4,8,1,2776
1,2019,1,21,2,3,1,4,8,1,2760
1,2019,1,21,3,0,1,4,8,1,2768
1,2019,1,21,3,1,1,4,8,1,2764
1,2019,1,21,3,2,1,4,8,1,2756
1,2019,1,21,3,3,1,4,8,1,2772
1,2019,1,21,4,0,1,4,8,1,1908
1,2019,1,21,4,1,1,4,8,1,1904
1,2019,1,21,4,2,1,4,8,1,1888
1,2019,1,21,4,3,1,4,8,1,1896
1,2019,1,21,5,0,1,4,8,1,1896
1,2019,1,21,5,1,1,4,8,1,1896
1,2019,1,21,5,2,1,4,8,1,1888
1,2019,1,21,5,3,1,4,8,1,1908
1,2019,1,21,6,0,1,4,8,1,1908
1,2019,1,21,6,1,1,4,8,1,1920
1,2019,1,21,6,2,1,4,8,1,1896
1,2019,1,21,6,3,1,4,8,1,1908
1,2019,1,21,7,0,1,4,8,1,1896
1,2019,1,21,7,1,1,4,8,1,1908
1,2019,1,21,7,2,1,4,8,1,1896
1,2019,1,21,7,3,1,4,8,1,1896
1,2019,1,21,8,0,1,4,8,1,1888
1,2019,1,21,8,1,1,4,8,1,1896
1,2019,1,21,8,2,1,4,8,1,1888
1,2019,1,21,8,3,1,4,8,1,1872
1,2019,1,21,9,0,1,4,8,1,1896
1,2019,1,21,9,1,1,4,8,1,1884
1,2019,1,21,9,2,1,4,8,1,1896
1,2019,1,21,9,3,1,4,8,1,1896
1,2019,1,21,10,0,1,4,8,1,1892
1,2019,1,21,10,1,1,4,8,1,3264
1,2019,1,21,10,2,1,4,8,1,4128
1,2019,1,21,10,3,1,4,8,1,5900
1,2019,1,21,11,0,1,4,8,1,5896
1,2019,1,21,11,1,1,4,8,1,5892
1,2019,1,21,11,2,1,4,8,1,5892
1,2019,1,21,11,3,1,4,8,1,5872
1,2019,1,21,12,0,1,4,8,1,5892
1,2019,1,21,12,1,1,4,8,1,5880
1,2019,1,21,12,2,1,4,8,1,5892
1,2019,1,21,12,3,1,4,8,1,5868
1,2019,1,21,13,0,1,4,8,1,5876
1,2019,1,21,13,1,1,4,8,1,5868
1,2019,1,21,13,2,1,4,8,1,5880
1,2019,1,21,13,3,1,4,8,1,5876
1,2019,1,21,14,0,1,4,8,1,5868
1,2019,1,21,14,1,1,4,8,1,5884
1,2019,1,21,14,2,1,4,8,1,5892
1,2019,1,21,14,3,1,4,8,1,5860
1,2019,1,21,15,0,1,4,8,1,5904
1,2019,1,21,15,1,1,4,8,1,5904
1,2019,1,21,15,2,1,4,8,1,5896
1,2019,1,21,15,3,1,4,8,1,5880
1,2019,1,21,16,0,1,4,8,1,5892
1,2019,1,21,16,1,1,4,8,1,5880
1,2019,1,21,16,2,1,4,8,1,5896
1,2019,1,21,16,3,1,4,8,1,5880
1,2019,1,21,17,0,1,4,8,1,5892
1,2019,1,21,17,1,1,4,8,1,5892
1,2019,1,21,17,2,1,4,8,1,5876
1,2019,1,21,17,3,1,4,8,1,5908
1,2019,1,21,18,0,1,4,8,1,5916
1,2019,1,21,18,1,1,4,8,1,5904
1,2019,1,21,18,2,1,4,8,1,5884
1,2019,1,21,18,3,1,4,8,1,5892
1,2019,1,21,19,0,1,4,8,1,5868
1,2019,1,21,19,1,1,4,8,1,5904
1,2019,1,21,19,2,1,4,8,1,5904
1,2019,1,21,19,3,1,4,8,1,5868
1,2019,1,21,20,0,1,4,8,1,5880
1,2019,1,21,20,1,1,4,8,1,5904
1,2019,1,21,20,2,1,4,8,1,5868
1,2019,1,21,20,3,1,4,8,1,5868
1,2019,1,21,21,0,1,4,8,1,5868
1,2019,1,21,21,1,1,4,8,1,5880
1,2019,1,21,21,2,1,4,8,1,5892
1,2019,1,21,21,3,1,4,8,1,5904
1,2019,1,21,22,0,1,4,8,1,6504
1,2019,1,21,22,1,1,4,8,1,6480
1,2019,1,21,22,2,1,4,8,1,5892
1,2019,1,21,22,3,1,4,8,1,5916
1,2019,1,21,23,0,1,4,8,1,5904
1,2019,1,21,23,1,1,4,8,1,5892
1,2019,1,21,23,2,1,4,8,1,5880
1,2019,1,21,23,3,1,4,8,1,5892
1,2019,1,22,0,0,1,4,8,1,5940
1,2019,1,22,0,1,2,4,9.3,1,5876
1,2019,1,22,0,2,2,4,9.3,1,4112
1,2019,1,22,0,3,2,4,9.3,1,4128
1,2019,1,22,1,0,2,4,9.3,1,2808
1,2019,1,22,1,1,2,4,9.3,1,2808
1,2019,1,22,1,2,2,4,9.3,1,2808
1,2019,1,22,1,3,2,4,9.3,1,2808
1,2019,1,22,2,0,2,4,9.3,1,2808
1,2019,1,22,2,1,2,4,9.3,1,1948
1,2019,1,22,2,2,2,4,9.3,1,1940
1,2019,1,22,2,3,2,4,9.3,1,1932
1,2019,1,22,3,0,2,4,9.3,1,1940
1,2019,1,22,3,1,2,4,9.3,1,1956
1,2019,1,22,3,2,2,4,9.3,1,1944
1,2019,1,22,3,3,2,4,9.3,1,1968
1,2019,1,22,4,0,2,4,9.3,1,1956
1,2019,1,22,4,1,2,4,9.3,1,1944
1,2019,1,22,4,2,2,4,9.3,1,1928
1,2019,1,22,4,3,2,4,9.3,1,1944
1,2019,1,22,5,0,2,4,9.3,1,1932
1,2019,1,22,5,1,2,4,9.3,1,1956
1,2019,1,22,5,2,2,4,9.3,1,1956
1,2019,1,22,5,3,2,4,9.3,1,1944
1,2019,1,22,6,0,2,4,9.3,1,1928
1,2019,1,22,6,1,2,4,9.3,1,1944
1,2019,1,22,6,2,2,4,9.3,1,1932
1,2019,1,22,6,3,2,4,9.3,1,1916
1,2019,1,22,7,0,2,4,9.3,1,1924
1,2019,1,22,7,1,2,4,9.3,1,1944
1,2019,1,22,7,2,2,4,9.3,1,1944
1,2019,1,22,7,3,2,4,9.3,1,1920
1,2019,1,22,8,0,2,4,9.3,1,1924
1,2019,1,22,8,1,2,4,9.3,1,1932
1,2019,1,22,8,2,2,4,9.3,1,1932
1,2019,1,22,8,3,2,4,9.3,1,1936
1,2019,1,22,9,0,2,4,9.3,1,1920
1,2019,1,22,9,1,2,4,9.3,1,1920
1,2019,1,22,9,2,2,4,9.3,1,1920
1,2019,1,22,9,3,2,4,9.3,1,1920
1,2019,1,22,10,0,2,4,9.3,1,1920
1,2019,1,22,10,1,2,4,9.3,1,3288
1,2019,1,22,10,2,2,4,9.3,1,3252
1,2019,1,22,10,3,2,4,9.3,1,4120
1,2019,1,22,11,0,2,4,9.3,1,4120
1,2019,1,22,11,1,2,4,9.3,1,4116
1,2019,1,22,11,2,2,4,9.3,1,4128
1,2019,1,22,11,3,2,4,9.3,1,5896
1,2019,1,22,12,0,2,4,9.3,1,5904
1,2019,1,22,12,1,2,4,9.3,1,5892
1,2019,1,22,12,2,2,4,9.3,1,5892
1,2019,1,22,12,3,2,4,9.3,1,5916
1,2019,1,22,13,0,2,4,9.3,1,5880
1,2019,1,22,13,1,2,4,9.3,1,5872
1,2019,1,22,13,2,2,4,9.3,1,5872
1,2019,1,22,13,3,2,4,9.3,1,5848
1,2019,1,22,14,0,2,4,9.3,1,5884
1,2019,1,22,14,1,2,4,9.3,1,5892
1,2019,1,22,14,2,2,4,9.3,1,5892
1,2019,1,22,14,3,2,4,9.3,1,5892
1,2019,1,22,15,0,2,4,9.3,1,5884
1,2019,1,22,15,1,2,4,9.3,1,5880
1,2019,1,22,15,2,2,4,9.3,1,5868
1,2019,1,22,15,3,2,4,9.3,1,5872
1,2019,1,22,16,0,2,4,9.3,1,5860
1,2019,1,22,16,1,2,4,9.3,1,5888
1,2019,1,22,16,2,2,4,9.3,1,5916
1,2019,1,22,16,3,2,4,9.3,1,5868
1,2019,1,22,17,0,2,4,9.3,1,5880
1,2019,1,22,17,1,2,4,9.3,1,5868
1,2019,1,22,17,2,2,4,9.3,1,5868
1,2019,1,22,17,3,2,4,9.3,1,5892
1,2019,1,22,18,0,2,4,9.3,1,5880
1,2019,1,22,18,1,2,4,9.3,1,5884
1,2019,1,22,18,2,2,4,9.3,1,5916
1,2019,1,22,18,3,2,4,9.3,1,5888
1,2019,1,22,19,0,2,4,9.3,1,5888
1,2019,1,22,19,1,2,4,9.3,1,5928
1,2019,1,22,19,2,2,4,9.3,1,5856
1,2019,1,22,19,3,2,4,9.3,1,5892
1,2019,1,22,20,0,2,4,9.3,1,5880
1,2019,1,22,20,1,2,4,9.3,1,5892
1,2019,1,22,20,2,2,4,9.3,1,5868
1,2019,1,22,20,3,2,4,9.3,1,5856
1,2019,1,22,21,0,2,4,9.3,1,6048
1,2019,1,22,21,1,2,4,9.3,1,6024
1,2019,1,22,21,2,2,4,9.3,1,6632
1,2019,1,22,21,3,2,4,9.3,1,6628
1,2019,1,22,22,0,2,4,9.3,1,6624
1,2019,1,22,22,1,2,4,9.3,1,6060
1,2019,1,22,22,2,2,4,9.3,1,6036
1,2019,1,22,22,3,2,4,9.3,1,6048
1,2019,1,22,23,0,2,4,9.3,1,6024
1,2019,1,22,23,1,2,4,9.3,1,6036
1,2019,1,22,23,2,2,4,9.3,1,6036
1,2019,1,22,23,3,2,4,9.3,1,6060
1,2019,1,23,0,0,2,4,9.3,1,6060
1,2019,1,23,0,1,3,4,9.4,1,6036
1,2019,1,23,0,2,3,4,9.4,1,1920
1,2019,1,23,0,3,3,4,9.4,1,1896
1,2019,1,23,1,0,3,4,9.4,1,1908
1,2019,1,23,1,1,3,4,9.4,1,1908
1,2019,1,23,1,2,3,4,9.4,1,1908
1,2019,1,23,1,3,3,4,9.4,1,1896
1,2019,1,23,2,0,3,4,9.4,1,1908
1,2019,1,23,2,1,3,4,9.4,1,1896
1,2019,1,23,2,2,3,4,9.4,1,1904
1,2019,1,23,2,3,3,4,9.4,1,1908
1,2019,1,23,3,0,3,4,9.4,1,1916
1,2019,1,23,3,1,3,4,9.4,1,1932
1,2019,1,23,3,2,3,4,9.4,1,1880
1,2019,1,23,3,3,3,4,9.4,1,1904
1,2019,1,23,4,0,3,4,9.4,1,1920
1,2019,1,23,4,1,3,4,9.4,1,1908
1,2019,1,23,4,2,3,4,9.4,1,1920
1,2019,1,23,4,3,3,4,9.4,1,1892
1,2019,1,23,5,0,3,4,9.4,1,1908
1,2019,1,23,5,1,3,4,9.4,1,1888
1,2019,1,23,5,2,3,4,9.4,1,1920
1,2019,1,23,5,3,3,4,9.4,1,1932
1,2019,1,23,6,0,3,4,9.4,1,1908
1,2019,1,23,6,1,3,4,9.4,1,1908
1,2019,1,23,6,2,3,4,9.4,1,1888
1,2019,1,23,6,3,3,4,9.4,1,1876
1,2019,1,23,7,0,3,4,9.4,1,1896
1,2019,1,23,7,1,3,4,9.4,1,1896
1,2019,1,23,7,2,3,4,9.4,1,1908
1,2019,1,23,7,3,3,4,9.4,1,1896
1,2019,1,23,8,0,3,4,9.4,1,1884
1,2019,1,23,8,1,3,4,9.4,1,1908
1,2019,1,23,8,2,3,4,9.4,1,1888
1,2019,1,23,8,3,3,4,9.4,1,1896
1,2019,1,23,9,0,3,4,9.4,1,1884
1,2019,1,23,9,1,3,4,9.4,1,1892
1,2019,1,23,9,2,3,4,9.4,1,1896
1,2019,1,23,9,3,3,4,9.4,1,1896
1,2019,1,23,10,0,3,4,9.4,1,1896
1,2019,1,23,10,1,3,4,9.4,1,1884
1,2019,1,23,10,2,3,4,9.4,1,3272
1,2019,1,23,10,3,3,4,9.4,1,5904
1,2019,1,23,11,0,3,4,9.4,1,5888
1,2019,1,23,11,1,3,4,9.4,1,5880
1,2019,1,23,11,2,3,4,9.4,1,5880
1,2019,1,23,11,3,3,4,9.4,1,5916
1,2019,1,23,12,0,3,4,9.4,1,5880
1,2019,1,23,12,1,3,4,9.4,1,5868
1,2019,1,23,12,2,3,4,9.4,1,5892
1,2019,1,23,12,3,3,4,9.4,1,5880
1,2019,1,23,13,0,3,4,9.4,1,5892
1,2019,1,23,13,1,3,4,9.4,1,5872
1,2019,1,23,13,2,3,4,9.4,1,5856
1,2019,1,23,13,3,3,4,9.4,1,5864
1,2019,1,23,14,0,3,4,9.4,1,5892
1,2019,1,23,14,1,3,4,9.4,1,5868
1,2019,1,23,14,2,3,4,9.4,1,5888
1,2019,1,23,14,3,3,4,9.4,1,5920
1,2019,1,23,15,0,3,4,9.4,1,5880
1,2019,1,23,15,1,3,4,9.4,1,5892
1,2019,1,23,15,2,3,4,9.4,1,5880
1,2019,1,23,15,3,3,4,9.4,1,5892
1,2019,1,23,16,0,3,4,9.4,1,5880
1,2019,1,23,16,1,3,4,9.4,1,5880
1,2019,1,23,16,2,3,4,9.4,1,5884
1,2019,1,23,16,3,3,4,9.4,1,5892
1,2019,1,23,17,0,3,4,9.4,1,5880
1,2019,1,23,17,1,3,4,9.4,1,5880
1,2019,1,23,17,2,3,4,9.4,1,5896
1,2019,1,23,17,3,3,4,9.4,1,5904
1,2019,1,23,18,0,3,4,9.4,1,5892
1,2019,1,23,18,1,3,4,9.4,1,5892
1,2019,1,23,18,2,3,4,9.4,1,5904
1,2019,1,23,18,3,3,4,9.4,1,5928
1,2019,1,23,19,0,3,4,9.4,1,5916
1,2019,1,23,19,1,3,4,9.4,1,5860
1,2019,1,23,19,2,3,4,9.4,1,5892
1,2019,1,23,19,3,3,4,9.4,1,5904
1,2019,1,23,20,0,3,4,9.4,1,5892
1,2019,1,23,20,1,3,4,9.4,1,6480
1,2019,1,23,20,2,3,4,9.4,1,6480
1,2019,1,23,20,3,3,4,9.4,1,6456
1,2019,1,23,21,0,3,4,9.4,1,6488
1,2019,1,23,21,1,3,4,9.4,1,6476
1,2019,1,23,21,2,3,4,9.4,1,5892
1,2019,1,23,21,3,3,4,9.4,1,5904
1,2019,1,23,22,0,3,4,9.4,1,5916
1,2019,1,23,22,1,3,4,9.4,1,6344
1,2019,1,23,22,2,3,4,9.4,1,5928
1,2019,1,23,22,3,3,4,9.4,1,5908
1,2019,1,23,23,0,3,4,9.4,1,5916
1,2019,1,23,23,1,3,4,9.4,1,5880
1,2019,1,23,23,2,3,4,9.4,1,5916
1,2019,1,23,23,3,3,4,9.4,1,5904
1,2019,1,24,0,0,3,4,9.4,1,5904
1,2019,1,24,0,1,4,4,9.1,1,5916
1,2019,1,24,0,2,4,4,9.1,1,5916
1,2019,1,24,0,3,4,4,9.1,1,3216
1,2019,1,24,1,0,4,4,9.1,1,3252
1,2019,1,24,1,1,4,4,9.1,1,3240
1,2019,1,24,1,2,4,4,9.1,1,2376
1,2019,1,24,1,3,4,4,9.1,1,2384
1,2019,1,24,2,0,4,4,9.1,1,2388
1,2019,1,24,2,1,4,4,9.1,1,2352
1,2019,1,24,2,2,4,4,9.1,1,2392
1,2019,1,24,2,3,4,4,9.1,1,2376
1,2019,1,24,3,0,4,4,9.1,1,3276
1,2019,1,24,3,1,4,4,9.1,1,3276
1,2019,1,24,3,2,4,4,9.1,1,3288
1,2019,1,24,3,3,4,4,9.1,1,3264
1,2019,1,24,4,0,4,4,9.1,1,3244
1,2019,1,24,4,1,4,4,9.1,1,3280
1,2019,1,24,4,2,4,4,9.1,1,3248
1,2019,1,24,4,3,4,4,9.1,1,3252
1,2019,1,24,5,0,4,4,9.1,1,3260
1,2019,1,24,5,1,4,4,9.1,1,3248
1,2019,1,24,5,2,4,4,9.1,1,3256
1,2019,1,24,5,3,4,4,9.1,1,1908
1,2019,1,24,6,0,4,4,9.1,1,1872
1,2019,1,24,6,1,4,4,9.1,1,1900
1,2019,1,24,6,2,4,4,9.1,1,1908
1,2019,1,24,6,3,4,4,9.1,1,1900
1,2019,1,24,7,0,4,4,9.1,1,1896
1,2019,1,24,7,1,4,4,9.1,1,1908
1,2019,1,24,7,2,4,4,9.1,1,1932
1,2019,1,24,7,3,4,4,9.1,1,1916
1,2019,1,24,8,0,4,4,9.1,1,1940
1,2019,1,24,8,1,4,4,9.1,1,1896
1,2019,1,24,8,2,4,4,9.1,1,1876
1,2019,1,24,8,3,4,4,9.1,1,1900
1,2019,1,24,9,0,4,4,9.1,1,1884
1,2019,1,24,9,1,4,4,9.1,1,1896
1,2019,1,24,9,2,4,4,9.1,1,1884
1,2019,1,24,9,3,4,4,9.1,1,2764
1,2019,1,24,10,0,4,4,9.1,1,2740
1,2019,1,24,10,1,4,4,9.1,1,2772
1,2019,1,24,10,2,4,4,9.1,1,4124
1,2019,1,24,10,3,4,4,9.1,1,4116
1,2019,1,24,11,0,4,4,9.1,1,4120
1,2019,1,24,11,1,4,4,9.1,1,6040
1,2019,1,24,11,2,4,4,9.1,1,6036
1,2019,1,24,11,3,4,4,9.1,1,6060
1,2019,1,24,12,0,4,4,9.1,1,5928
1,2019,1,24,12,1,4,4,9.1,1,5880
1,2019,1,24,12,2,4,4,9.1,1,5884
1,2019,1,24,12,3,4,4,9.1,1,5892
1,2019,1,24,13,0,4,4,9.1,1,5892
1,2019,1,24,13,1,4,4,9.1,1,5888
1,2019,1,24,13,2,4,4,9.1,1,5880
1,2019,1,24,13,3,4,4,9.1,1,5892
1,2019,1,24,14,0,4,4,9.1,1,6492
1,2019,1,24,14,1,4,4,9.1,1,6488
1,2019,1,24,14,2,4,4,9.1,1,6464
1,2019,1,24,14,3,4,4,9.1,1,6464
1,2019,1,24,15,0,4,4,9.1,1,6488
1,2019,1,24,15,1,4,4,9.1,1,6488
1,2019,1,24,15,2,4,4,9.1,1,6472
1,2019,1,24,15,3,4,4,9.1,1,6480
1,2019,1,24,16,0,4,4,9.1,1,6492
1,2019,1,24,16,1,4,4,9.1,1,6472
1,2019,1,24,16,2,4,4,9.1,1,6484
1,2019,1,24,16,3,4,4,9.1,1,6492
1,2019,1,24,17,0,4,4,9.1,1,6468
1,2019,1,24,17,1,4,4,9.1,1,6480
1,2019,1,24,17,2,4,4,9.1,1,6488
1,2019,1,24,17,3,4,4,9.1,1,6516
1,2019,1,24,18,0,4,4,9.1,1,6492
1,2019,1,24,18,1,4,4,9.1,1,6520
1,2019,1,24,18,2,4,4,9.1,1,6384
1,2019,1,24,18,3,4,4,9.1,1,6392
1,2019,1,24,19,0,4,4,9.1,1,6372
1,2019,1,24,19,1,4,4,9.1,1,6492
1,2019,1,24,19,2,4,4,9.1,1,6476
1,2019,1,24,19,3,4,4,9.1,1,6468
1,2019,1,24,20,0,4,4,9.1,1,6480
1,2019,1,24,20,1,4,4,9.1,1,6504
1,2019,1,24,20,2,4,4,9.1,1,6476
1,2019,1,24,20,3,4,4,9.1,1,6500
1,2019,1,24,21,0,4,4,9.1,1,5916
1,2019,1,24,21,1,4,4,9.1,1,5912
1,2019,1,24,21,2,4,4,9.1,1,5892
1,2019,1,24,21,3,4,4,9.1,1,5904
1,2019,1,24,22,0,4,4,9.1,1,5916
1,2019,1,24,22,1,4,4,9.1,1,5892
1,2019,1,24,22,2,4,4,9.1,1,5888
1,2019,1,24,22,3,4,4,9.1,1,5904
1,2019,1,24,23,0,4,4,9.1,1,5916
1,2019,1,24,23,1,4,4,9.1,1,5912
1,2019,1,24,23,2,4,4,9.1,1,5904
1,2019,1,24,23,3,4,4,9.1,1,5916
1,2019,1,25,0,0,4,4,9.1,1,5892
1,2019,1,25,0,1,5,4,5.9,1,5916
1,2019,1,25,0,2,5,4,5.9,1,4124
1,2019,1,25,0,3,5,4,5.9,1,4116
1,2019,1,25,1,0,5,4,5.9,1,4128
1,2019,1,25,1,1,5,4,5.9,3,4140
1,2019,1,25,1,2,5,4,5.9,3,2820
1,2019,1,25,1,3,5,4,5.9,3,2808
1,2019,1,25,2,0,5,4,5.9,3,2796
1,2019,1,25,2,1,5,4,5.9,1,2796
1,2019,1,25,2,2,5,4,5.9,1,2788
1,2019,1,25,2,3,5,4,5.9,1,2820
1,2019,1,25,3,0,5,4,5.9,1,2796
1,2019,1,25,3,1,5,4,5.9,3,2804
1,2019,1,25,3,2,5,4,5.9,3,2784
1,2019,1,25,3,3,5,4,5.9,3,2796
1,2019,1,25,4,0,5,4,5.9,3,2832
1,2019,1,25,4,1,5,4,5.9,3,2780
1,2019,1,25,4,2,5,4,5.9,3,2780
1,2019,1,25,4,3,5,4,5.9,3,2796
1,2019,1,25,5,0,5,4,5.9,3,2808
1,2019,1,25,5,1,5,4,5.9,4,2808
1,2019,1,25,5,2,5,4,5.9,4,2796
1,2019,1,25,5,3,5,4,5.9,4,2808
1,2019,1,25,6,0,5,4,5.9,4,2808
1,2019,1,25,6,1,5,4,5.9,3,2764
1,2019,1,25,6,2,5,4,5.9,3,2768
1,2019,1,25,6,3,5,4,5.9,3,2796
1,2019,1,25,7,0,5,4,5.9,3,2784
1,2019,1,25,7,1,5,4,5.9,3,2784
1,2019,1,25,7,2,5,4,5.9,3,2784
1,2019,1,25,7,3,5,4,5.9,3,2784
1,2019,1,25,8,0,5,4,5.9,3,2784
1,2019,1,25,8,1,5,4,5.9,3,2804
1,2019,1,25,8,2,5,4,5.9,3,2780
1,2019,1,25,8,3,5,4,5.9,3,2768
1,2019,1,25,9,0,5,4,5.9,3,2808
1,2019,1,25,9,1,5,4,5.9,3,2808
1,2019,1,25,9,2,5,4,5.9,3,2796
1,2019,1,25,9,3,5,4,5.9,3,2780
1,2019,1,25,10,0,5,4,5.9,3,2784
1,2019,1,25,10,1,5,4,5.9,3,2784
1,2019,1,25,10,2,5,4,5.9,3,4104
1,2019,1,25,10,3,5,4,5.9,3,4116
1,2019,1,25,11,0,5,4,5.9,3,4092
1,2019,1,25,11,1,5,4,5.9,3,4116
1,2019,1,25,11,2,5,4,5.9,3,5928
1,2019,1,25,11,3,5,4,5.9,3,5900
1,2019,1,25,12,0,5,4,5.9,3,5880
1,2019,1,25,12,1,5,4,5.9,3,5892
1,2019,1,25,12,2,5,4,5.9,3,5876
1,2019,1,25,12,3,5,4,5.9,3,5904
1,2019,1,25,13,0,5,4,5.9,3,5900
1,2019,1,25,13,1,5,4,5.9,3,5872
1,2019,1,25,13,2,5,4,5.9,3,5888
1,2019,1,25,13,3,5,4,5.9,3,5868
1,2019,1,25,14,0,5,4,5.9,3,5876
1,2019,1,25,14,1,5,4,5.9,3,5904
1,2019,1,25,14,2,5,4,5.9,3,5892
1,2019,1,25,14,3,5,4,5.9,3,5900
1,2019,1,25,15,0,5,4,5.9,3,5880
1,2019,1,25,15,1,5,4,5.9,3,5880
1,2019,1,25,15,2,5,4,5.9,3,5888
1,2019,1,25,15,3,5,4,5.9,3,5892
1,2019,1,25,16,0,5,4,5.9,3,5864
1,2019,1,25,16,1,5,4,5.9,2,5856
1,2019,1,25,16,2,5,4,5.9,2,5876
1,2019,1,25,16,3,5,4,5.9,2,5904
1,2019,1,25,17,0,5,4,5.9,2,5892
1,2019,1,25,17,1,5,4,5.9,1,5900
1,2019,1,25,17,2,5,4,5.9,1,5880
1,2019,1,25,17,3,5,4,5.9,1,5880
1,2019,1,25,18,0,5,4,5.9,1,5888
1,2019,1,25,18,1,5,4,5.9,1,5892
1,2019,1,25,18,2,5,4,5.9,1,5736
1,2019,1,25,18,3,5,4,5.9,1,5892
1,2019,1,25,19,0,5,4,5.9,1,5916
1,2019,1,25,19,1,5,4,5.9,1,5880
1,2019,1,25,19,2,5,4,5.9,1,5892
1,2019,1,25,19,3,5,4,5.9,1,5892
1,2019,1,25,20,0,5,4,5.9,1,5916
1,2019,1,25,20,1,5,4,5.9,1,5880
1,2019,1,25,20,2,5,4,5.9,1,5892
1,2019,1,25,20,3,5,4,5.9,1,5912
1,2019,1,25,21,0,5,4,5.9,1,5892
1,2019,1,25,21,1,5,4,5.9,1,5916
1,2019,1,25,21,2,5,4,5.9,1,5880
1,2019,1,25,21,3,5,4,5.9,1,5892
1,2019,1,25,22,0,5,4,5.9,1,5868
1,2019,1,25,22,1,5,4,5.9,1,5904
1,2019,1,25,22,2,5,4,5.9,1,5847
1,2019,1,25,22,3,5,4,5.9,1,5912
1,2019,1,25,23,0,5,4,5.9,1,5892
1,2019,1,25,23,1,5,4,5.9,1,5916
1,2019,1,25,23,2,5,4,5.9,1,5880
1,2019,1,25,23,3,5,4,5.9,1,5892
1,2019,1,26,0,0,5,1,5.9,1,5868
1,2019,1,26,0,1,6,5,3.6,1,5904
1,2019,1,26,0,2,6,5,3.6,1,4116
1,2019,1,26,0,3,6,5,3.6,1,4140
1,2019,1,26,1,0,6,5,3.6,1,4140
1,2019,1,26,1,1,6,5,3.6,1,4128
1,2019,1,26,1,2,6,5,3.6,1,2768
1,2019,1,26,1,3,6,5,3.6,1,2760
1,2019,1,26,2,0,6,5,3.6,1,2772
1,2019,1,26,2,1,6,5,3.6,1,2768
1,2019,1,26,2,2,6,5,3.6,1,2760
1,2019,1,26,2,3,6,5,3.6,1,2768
1,2019,1,26,3,0,6,5,3.6,1,2796
1,2019,1,26,3,1,6,5,3.6,1,2784
1,2019,1,26,3,2,6,5,3.6,1,2796
1,2019,1,26,3,3,6,5,3.6,1,2760
1,2019,1,26,4,0,6,5,3.6,1,2760
1,2019,1,26,4,1,6,5,3.6,1,2736
1,2019,1,26,4,2,6,5,3.6,1,1896
1,2019,1,26,4,3,6,5,3.6,1,1900
1,2019,1,26,5,0,6,5,3.6,1,1904
1,2019,1,26,5,1,6,5,3.6,1,1896
1,2019,1,26,5,2,6,5,3.6,1,1896
1,2019,1,26,5,3,6,5,3.6,1,1896
1,2019,1,26,6,0,6,5,3.6,1,1904
1,2019,1,26,6,1,6,5,3.6,1,1904
1,2019,1,26,6,2,6,5,3.6,1,1896
1,2019,1,26,6,3,6,5,3.6,1,1884
1,2019,1,26,7,0,6,5,3.6,1,1904
1,2019,1,26,7,1,6,5,3.6,1,1892
1,2019,1,26,7,2,6,5,3.6,1,1904
1,2019,1,26,7,3,6,5,3.6,1,1904
1,2019,1,26,8,0,6,5,3.6,1,1892
1,2019,1,26,8,1,6,5,3.6,1,1868
1,2019,1,26,8,2,6,5,3.6,1,1896
1,2019,1,26,8,3,6,5,3.6,1,1884
1,2019,1,26,9,0,6,5,3.6,1,1932
1,2019,1,26,9,1,6,5,3.6,1,1920
1,2019,1,26,9,2,6,5,3.6,1,1876
1,2019,1,26,9,3,6,5,3.6,1,1908
1,2019,1,26,10,0,6,5,3.6,1,1896
1,2019,1,26,10,1,6,5,3.6,1,1900
1,2019,1,26,10,2,6,5,3.6,1,1884
1,2019,1,26,10,3,6,5,3.6,1,1880
1,2019,1,26,11,0,6,5,3.6,1,1908
1,2019,1,26,11,1,6,5,3.6,1,1908
1,2019,1,26,11,2,6,5,3.6,1,1908
1,2019,1,26,11,3,6,5,3.6,1,1896
1,2019,1,26,12,0,6,5,3.6,1,1900
1,2019,1,26,12,1,6,5,3.6,1,1884
1,2019,1,26,12,2,6,5,3.6,1,2600
1,2019,1,26,12,3,6,5,3.6,1,4140
1,2019,1,26,13,0,6,5,3.6,1,4092
1,2019,1,26,13,1,6,5,3.6,1,4076
1,2019,1,26,13,2,6,5,3.6,1,4092
1,2019,1,26,13,3,6,5,3.6,1,4080
1,2019,1,26,14,0,6,5,3.6,1,4092
1,2019,1,26,14,1,6,5,3.6,1,4080
1,2019,1,26,14,2,6,5,3.6,1,5860
1,2019,1,26,14,3,6,5,3.6,1,5856
1,2019,1,26,15,0,6,5,3.6,1,5868
1,2019,1,26,15,1,6,5,3.6,1,5864
1,2019,1,26,15,2,6,5,3.6,1,5868
1,2019,1,26,15,3,6,5,3.6,1,5864
1,2019,1,26,16,0,6,5,3.6,1,5856
1,2019,1,26,16,1,6,5,3.6,1,5864
1,2019,1,26,16,2,6,5,3.6,1,5868
1,2019,1,26,16,3,6,5,3.6,1,5880
1,2019,1,26,17,0,6,5,3.6,1,5856
1,2019,1,26,17,1,6,5,3.6,1,5844
1,2019,1,26,17,2,6,5,3.6,1,5852
1,2019,1,26,17,3,6,5,3.6,1,5864
1,2019,1,26,18,0,6,5,3.6,1,5844
1,2019,1,26,18,1,6,5,3.6,1,5856
1,2019,1,26,18,2,6,5,3.6,1,5860
1,2019,1,26,18,3,6,5,3.6,1,4992
1,2019,1,26,19,0,6,5,3.6,1,4992
1,2019,1,26,19,1,6,5,3.6,1,4992
1,2019,1,26,19,2,6,5,3.6,1,4996
1,2019,1,26,19,3,6,5,3.6,1,5004
1,2019,1,26,20,0,6,5,3.6,1,5016
1,2019,1,26,20,1,6,5,3.6,1,4984
1,2019,1,26,20,2,6,5,3.6,1,5000
1,2019,1,26,20,3,6,5,3.6,1,5020
1,2019,1,26,21,0,6,5,3.6,1,4988
1,2019,1,26,21,1,6,5,3.6,1,5012
1,2019,1,26,21,2,6,5,3.6,1,5016
1,2019,1,26,21,3,6,5,3.6,1,4992
1,2019,1,26,22,0,6,5,3.6,1,5024
1,2019,1,26,22,1,6,5,3.6,1,5016
1,2019,1,26,22,2,6,5,3.6,1,5004
1,2019,1,26,22,3,6,5,3.6,1,5016
1,2019,1,26,23,0,6,5,3.6,1,5012
1,2019,1,26,23,1,6,5,3.6,1,4996
1,2019,1,26,23,2,6,5,3.6,1,4988
1,2019,1,26,23,3,6,5,3.6,1,4976
1,2019,1,27,0,0,6,5,3.6,1,4992
1,2019,1,27,0,1,7,5,7.6,1,4992
1,2019,1,27,0,2,7,5,7.6,1,5004
1,2019,1,27,0,3,7,5,7.6,1,5012
1,2019,1,27,1,0,7,5,7.6,1,5004
1,2019,1,27,1,1,7,5,7.6,1,4556
1,2019,1,27,1,2,7,5,7.6,1,3252
1,2019,1,27,1,3,7,5,7.6,1,3240
1,2019,1,27,2,0,7,5,7.6,1,3236
1,2019,1,27,2,1,7,5,7.6,1,1896
1,2019,1,27,2,2,7,5,7.6,1,1908
1,2019,1,27,2,3,7,5,7.6,1,1896
1,2019,1,27,3,0,7,5,7.6,1,1896
1,2019,1,27,3,1,7,5,7.6,1,1908
1,2019,1,27,3,2,7,5,7.6,1,1920
1,2019,1,27,3,3,7,5,7.6,1,1904
1,2019,1,27,4,0,7,5,7.6,1,1908
1,2019,1,27,4,1,7,5,7.6,1,1896
1,2019,1,27,4,2,7,5,7.6,1,1896
1,2019,1,27,4,3,7,5,7.6,1,1900
1,2019,1,27,5,0,7,5,7.6,1,1900
1,2019,1,27,5,1,7,5,7.6,1,1916
1,2019,1,27,5,2,7,5,7.6,1,1920
1,2019,1,27,5,3,7,5,7.6,1,1908
1,2019,1,27,6,0,7,5,7.6,1,1896
1,2019,1,27,6,1,7,5,7.6,1,1884
1,2019,1,27,6,2,7,5,7.6,1,1920
1,2019,1,27,6,3,7,5,7.6,1,1916
1,2019,1,27,7,0,7,5,7.6,1,1900
1,2019,1,27,7,1,7,5,7.6,1,1896
1,2019,1,27,7,2,7,5,7.6,1,1884
1,2019,1,27,7,3,7,5,7.6,1,1892
1,2019,1,27,8,0,7,5,7.6,1,1904
1,2019,1,27,8,1,7,5,7.6,1,1896
1,2019,1,27,8,2,7,5,7.6,1,1912
1,2019,1,27,8,3,7,5,7.6,1,1920
1,2019,1,27,9,0,7,5,7.6,1,1896
1,2019,1,27,9,1,7,5,7.6,1,1908
1,2019,1,27,9,2,7,5,7.6,1,1908
1,2019,1,27,9,3,7,5,7.6,1,1888
1,2019,1,27,10,0,7,5,7.6,1,1908
1,2019,1,27,10,1,7,5,7.6,1,1884
1,2019,1,27,10,2,7,5,7.6,1,2828
1,2019,1,27,10,3,7,5,7.6,1,3276
1,2019,1,27,11,0,7,5,7.6,1,3260
1,2019,1,27,11,1,7,5,7.6,1,3252
1,2019,1,27,11,2,7,5,7.6,1,3276
1,2019,1,27,11,3,7,5,7.6,1,3264
1,2019,1,27,12,0,7,5,7.6,1,3240
1,2019,1,27,12,1,7,5,7.6,1,3264
1,2019,1,27,12,2,7,5,7.6,1,1900
1,2019,1,27,12,3,7,5,7.6,1,1896
1,2019,1,27,13,0,7,5,7.6,1,1908
1,2019,1,27,13,1,7,5,7.6,1,1888
1,2019,1,27,13,2,7,5,7.6,1,1900
1,2019,1,27,13,3,7,5,7.6,1,3276
1,2019,1,27,14,0,7,5,7.6,1,3264
1,2019,1,27,14,1,7,5,7.6,1,3264
1,2019,1,27,14,2,7,5,7.6,1,3288
1,2019,1,27,14,3,7,5,7.6,1,3240
1,2019,1,27,15,0,7,5,7.6,1,3264
1,2019,1,27,15,1,7,5,7.6,2,3232
1,2019,1,27,15,2,7,5,7.6,2,3240
1,2019,1,27,15,3,7,5,7.6,2,3276
1,2019,1,27,16,0,7,5,7.6,2,3264
1,2019,1,27,16,1,7,5,7.6,2,5024
1,2019,1,27,16,2,7,5,7.6,2,5024
1,2019,1,27,16,3,7,5,7.6,2,5052
1,2019,1,27,17,0,7,5,7.6,2,5036
1,2019,1,27,17,1,7,5,7.6,2,5028
1,2019,1,27,17,2,7,5,7.6,2,5044
1,2019,1,27,17,3,7,5,7.6,2,5028
1,2019,1,27,18,0,7,5,7.6,2,5036
1,2019,1,27,18,1,7,5,7.6,1,5040
1,2019,1,27,18,2,7,5,7.6,1,5028
1,2019,1,27,18,3,7,5,7.6,1,5028
1,2019,1,27,19,0,7,5,7.6,1,5052
1,2019,1,27,19,1,7,5,7.6,1,5052
1,2019,1,27,19,2,7,5,7.6,1,5040
1,2019,1,27,19,3,7,5,7.6,1,4152
1,2019,1,27,20,0,7,5,7.6,1,3708
1,2019,1,27,20,1,7,5,7.6,1,3692
1,2019,1,27,20,2,7,5,7.6,1,3984
1,2019,1,27,20,3,7,5,7.6,1,3996
1,2019,1,27,21,0,7,5,7.6,1,3552
1,2019,1,27,21,1,7,5,7.6,2,3536
1,2019,1,27,21,2,7,5,7.6,2,3540
1,2019,1,27,21,3,7,5,7.6,2,3564
1,2019,1,27,22,0,7,5,7.6,2,3540
1,2019,1,27,22,1,7,5,7.6,2,3540
1,2019,1,27,22,2,7,5,7.6,2,3540
1,2019,1,27,22,3,7,5,7.6,2,3564
1,2019,1,27,23,0,7,5,7.6,2,3532
1,2019,1,27,23,1,7,5,7.6,2,3540
1,2019,1,27,23,2,7,5,7.6,2,3540
1,2019,1,27,23,3,7,5,7.6,2,3540
1,2019,1,28,0,0,7,5,7.6,2,3576
1,2019,1,28,0,1,1,4,8.3,3,3524
1,2019,1,28,0,2,1,4,8.3,3,3540
1,2019,1,28,0,3,1,4,8.3,3,3532
1,2019,1,28,1,0,1,4,8.3,3,3552
1,2019,1,28,1,1,1,4,8.3,4,3552
1,2019,1,28,1,2,1,4,8.3,4,3260
1,2019,1,28,1,3,1,4,8.3,4,3264
1,2019,1,28,2,0,1,4,8.3,4,3248
1,2019,1,28,2,1,1,4,8.3,3,3252
1,2019,1,28,2,2,1,4,8.3,3,1904
1,2019,1,28,2,3,1,4,8.3,3,1896
1,2019,1,28,3,0,1,4,8.3,3,1896
1,2019,1,28,3,1,1,4,8.3,2,1920
1,2019,1,28,3,2,1,4,8.3,2,1908
1,2019,1,28,3,3,1,4,8.3,2,1900
1,2019,1,28,4,0,1,4,8.3,2,1896
1,2019,1,28,4,1,1,4,8.3,2,1896
1,2019,1,28,4,2,1,4,8.3,2,1896
1,2019,1,28,4,3,1,4,8.3,2,1872
1,2019,1,28,5,0,1,4,8.3,2,1884
1,2019,1,28,5,1,1,4,8.3,3,1888
1,2019,1,28,5,2,1,4,8.3,3,1888
1,2019,1,28,5,3,1,4,8.3,3,1884
1,2019,1,28,6,0,1,4,8.3,3,1892
1,2019,1,28,6,1,1,4,8.3,3,1872
1,2019,1,28,6,2,1,4,8.3,3,1880
1,2019,1,28,6,3,1,4,8.3,3,1908
1,2019,1,28,7,0,1,4,8.3,3,1892
1,2019,1,28,7,1,1,4,8.3,3,1896
1,2019,1,28,7,2,1,4,8.3,3,1880
1,2019,1,28,7,3,1,4,8.3,3,1896
1,2019,1,28,8,0,1,4,8.3,3,1876
1,2019,1,28,8,1,1,4,8.3,4,1880
1,2019,1,28,8,2,1,4,8.3,4,1884
1,2019,1,28,8,3,1,4,8.3,4,1896
1,2019,1,28,9,0,1,4,8.3,4,1896
1,2019,1,28,9,1,1,4,8.3,1,1868
1,2019,1,28,9,2,1,4,8.3,1,1872
1,2019,1,28,9,3,1,4,8.3,1,1892
1,2019,1,28,10,0,1,4,8.3,1,1860
1,2019,1,28,10,1,1,4,8.3,1,1880
1,2019,1,28,10,2,1,4,8.3,1,3248
1,2019,1,28,10,3,1,4,8.3,1,5052
1,2019,1,28,11,0,1,4,8.3,1,5040
1,2019,1,28,11,1,1,4,8.3,1,5904
1,2019,1,28,11,2,1,4,8.3,1,5900
1,2019,1,28,11,3,1,4,8.3,1,5872
1,2019,1,28,12,0,1,4,8.3,1,5876
1,2019,1,28,12,1,1,4,8.3,1,5868
1,2019,1,28,12,2,1,4,8.3,1,5884
1,2019,1,28,12,3,1,4,8.3,1,5892
1,2019,1,28,13,0,1,4,8.3,1,5868
1,2019,1,28,13,1,1,4,8.3,1,5892
1,2019,1,28,13,2,1,4,8.3,1,5880
1,2019,1,28,13,3,1,4,8.3,1,5876
1,2019,1,28,14,0,1,4,8.3,1,5844
1,2019,1,28,14,1,1,4,8.3,1,5880
1,2019,1,28,14,2,1,4,8.3,1,5880
1,2019,1,28,14,3,1,4,8.3,1,5900
1,2019,1,28,15,0,1,4,8.3,1,5880
1,2019,1,28,15,1,1,4,8.3,1,5884
1,2019,1,28,15,2,1,4,8.3,1,5868
1,2019,1,28,15,3,1,4,8.3,1,5892
1,2019,1,28,16,0,1,4,8.3,1,5876
1,2019,1,28,16,1,1,4,8.3,1,5868
1,2019,1,28,16,2,1,4,8.3,1,5856
1,2019,1,28,16,3,1,4,8.3,1,5880
1,2019,1,28,17,0,1,4,8.3,1,5864
1,2019,1,28,17,1,1,4,8.3,1,5880
1,2019,1,28,17,2,1,4,8.3,1,5884
1,2019,1,28,17,3,1,4,8.3,1,5868
1,2019,1,28,18,0,1,4,8.3,1,5868
1,2019,1,28,18,1,1,4,8.3,1,5904
1,2019,1,28,18,2,1,4,8.3,1,5868
1,2019,1,28,18,3,1,4,8.3,1,5880
1,2019,1,28,19,0,1,4,8.3,1,5880
1,2019,1,28,19,1,1,4,8.3,1,5880
1,2019,1,28,19,2,1,4,8.3,1,5864
1,2019,1,28,19,3,1,4,8.3,1,5892
1,2019,1,28,20,0,1,4,8.3,1,5880
1,2019,1,28,20,1,1,4,8.3,1,5880
1,2019,1,28,20,2,1,4,8.3,1,5868
1,2019,1,28,20,3,1,4,8.3,1,5880
1,2019,1,28,21,0,1,4,8.3,1,5888
1,2019,1,28,21,1,1,4,8.3,2,5904
1,2019,1,28,21,2,1,4,8.3,2,5880
1,2019,1,28,21,3,1,4,8.3,2,5892
1,2019,1,28,22,0,1,4,8.3,2,5892
1,2019,1,28,22,1,1,4,8.3,1,4128
1,2019,1,28,22,2,1,4,8.3,1,4116
1,2019,1,28,22,3,1,4,8.3,1,4108
1,2019,1,28,23,0,1,4,8.3,1,5904
1,2019,1,28,23,1,1,4,8.3,1,5880
1,2019,1,28,23,2,1,4,8.3,1,5892
1,2019,1,28,23,3,1,4,8.3,1,5892
1,2019,1,29,0,0,1,4,8.3,1,4116
1,2019,1,29,0,1,2,4,9.1,1,4116
1,2019,1,29,0,2,2,4,9.1,1,4112
1,2019,1,29,0,3,2,4,9.1,1,4116
1,2019,1,29,1,0,2,4,9.1,1,4112
1,2019,1,29,1,1,2,4,9.1,1,4108
1,2019,1,29,1,2,2,4,9.1,1,4116
1,2019,1,29,1,3,2,4,9.1,1,2768
1,2019,1,29,2,0,2,4,9.1,1,2748
1,2019,1,29,2,1,2,4,9.1,1,2732
1,2019,1,29,2,2,2,4,9.1,1,2748
1,2019,1,29,2,3,2,4,9.1,1,2772
1,2019,1,29,3,0,2,4,9.1,1,2760
1,2019,1,29,3,1,2,4,9.1,1,2772
1,2019,1,29,3,2,2,4,9.1,1,1896
1,2019,1,29,3,3,2,4,9.1,1,1884
1,2019,1,29,4,0,2,4,9.1,1,1888
1,2019,1,29,4,1,2,4,9.1,1,1896
1,2019,1,29,4,2,2,4,9.1,1,1896
1,2019,1,29,4,3,2,4,9.1,1,1868
1,2019,1,29,5,0,2,4,9.1,1,1884
1,2019,1,29,5,1,2,4,9.1,1,1896
1,2019,1,29,5,2,2,4,9.1,1,1896
1,2019,1,29,5,3,2,4,9.1,1,1888
1,2019,1,29,6,0,2,4,9.1,1,1884
1,2019,1,29,6,1,2,4,9.1,1,1872
1,2019,1,29,6,2,2,4,9.1,1,1896
1,2019,1,29,6,3,2,4,9.1,1,1884
1,2019,1,29,7,0,2,4,9.1,1,1888
1,2019,1,29,7,1,2,4,9.1,1,1892
1,2019,1,29,7,2,2,4,9.1,1,1888
1,2019,1,29,7,3,2,4,9.1,1,1904
1,2019,1,29,8,0,2,4,9.1,1,1884
1,2019,1,29,8,1,2,4,9.1,1,1884
1,2019,1,29,8,2,2,4,9.1,1,1892
1,2019,1,29,8,3,2,4,9.1,1,1860
1,2019,1,29,9,0,2,4,9.1,1,1884
1,2019,1,29,9,1,2,4,9.1,1,1884
1,2019,1,29,9,2,2,4,9.1,1,1896
1,2019,1,29,9,3,2,4,9.1,1,1884
1,2019,1,29,10,0,2,4,9.1,1,1872
1,2019,1,29,10,1,2,4,9.1,1,1872
1,2019,1,29,10,2,2,4,9.1,1,3224
1,2019,1,29,10,3,2,4,9.1,1,3228
1,2019,1,29,11,0,2,4,9.1,1,3236
1,2019,1,29,11,1,2,4,9.1,1,3240
1,2019,1,29,11,2,2,4,9.1,1,3260
1,2019,1,29,11,3,2,4,9.1,1,3228
1,2019,1,29,12,0,2,4,9.1,1,3252
1,2019,1,29,12,1,2,4,9.1,1,3228
1,2019,1,29,12,2,2,4,9.1,1,3252
1,2019,1,29,12,3,2,4,9.1,1,3252
1,2019,1,29,13,0,2,4,9.1,1,5028
1,2019,1,29,13,1,2,4,9.1,1,5000
1,2019,1,29,13,2,2,4,9.1,1,5888
1,2019,1,29,13,3,2,4,9.1,1,5864
1,2019,1,29,14,0,2,4,9.1,1,5868
1,2019,1,29,14,1,2,4,9.1,1,5888
1,2019,1,29,14,2,2,4,9.1,1,5880
1,2019,1,29,14,3,2,4,9.1,1,5892
1,2019,1,29,15,0,2,4,9.1,1,5868
1,2019,1,29,15,1,2,4,9.1,1,5904
1,2019,1,29,15,2,2,4,9.1,1,5892
1,2019,1,29,15,3,2,4,9.1,1,5880
1,2019,1,29,16,0,2,4,9.1,1,5904
1,2019,1,29,16,1,2,4,9.1,1,5892
1,2019,1,29,16,2,2,4,9.1,1,5904
1,2019,1,29,16,3,2,4,9.1,1,5892
1,2019,1,29,17,0,2,4,9.1,1,5904
1,2019,1,29,17,1,2,4,9.1,1,5916
1,2019,1,29,17,2,2,4,9.1,1,5880
1,2019,1,29,17,3,2,4,9.1,1,5880
1,2019,1,29,18,0,2,4,9.1,1,5880
1,2019,1,29,18,1,2,4,9.1,1,5880
1,2019,1,29,18,2,2,4,9.1,1,5868
1,2019,1,29,18,3,2,4,9.1,1,5868
1,2019,1,29,19,0,2,4,9.1,1,5880
1,2019,1,29,19,1,2,4,9.1,1,5868
1,2019,1,29,19,2,2,4,9.1,1,5880
1,2019,1,29,19,3,2,4,9.1,1,5880
1,2019,1,29,20,0,2,4,9.1,1,5852
1,2019,1,29,20,1,2,4,9.1,2,5904
1,2019,1,29,20,2,2,4,9.1,2,5880
1,2019,1,29,20,3,2,4,9.1,2,5880
1,2019,1,29,21,0,2,4,9.1,2,5888
1,2019,1,29,21,1,2,4,9.1,2,5904
1,2019,1,29,21,2,2,4,9.1,2,5880
1,2019,1,29,21,3,2,4,9.1,2,5892
1,2019,1,29,22,0,2,4,9.1,2,5892
1,2019,1,29,22,1,2,4,9.1,4,5880
1,2019,1,29,22,2,2,4,9.1,4,5880
1,2019,1,29,22,3,2,4,9.1,4,5888
1,2019,1,29,23,0,2,4,9.1,4,5916
1,2019,1,29,23,1,2,4,9.1,4,5900
1,2019,1,29,23,2,2,4,9.1,4,5856
1,2019,1,29,23,3,2,4,9.1,4,5868
1,2019,1,30,0,0,2,4,9.1,4,5880
1,2019,1,30,0,1,3,4,9.8,1,5880
1,2019,1,30,0,2,3,4,9.8,1,5880
1,2019,1,30,0,3,3,4,9.8,1,5900
1,2019,1,30,1,0,3,4,9.8,1,5888
1,2019,1,30,1,1,3,4,9.8,4,4112
1,2019,1,30,1,2,3,4,9.8,4,3244
1,2019,1,30,1,3,3,4,9.8,4,3260
1,2019,1,30,2,0,3,4,9.8,4,3276
1,2019,1,30,2,1,3,4,9.8,3,3272
1,2019,1,30,2,2,3,4,9.8,3,3264
1,2019,1,30,2,3,3,4,9.8,3,3288
1,2019,1,30,3,0,3,4,9.8,3,3264
1,2019,1,30,3,1,3,4,9.8,3,3276
1,2019,1,30,3,2,3,4,9.8,3,1908
1,2019,1,30,3,3,3,4,9.8,3,1896
1,2019,1,30,4,0,3,4,9.8,3,1920
1,2019,1,30,4,1,3,4,9.8,3,1920
1,2019,1,30,4,2,3,4,9.8,3,1896
1,2019,1,30,4,3,3,4,9.8,3,1908
1,2019,1,30,5,0,3,4,9.8,3,1908
1,2019,1,30,5,1,3,4,9.8,2,1904
1,2019,1,30,5,2,3,4,9.8,2,1908
1,2019,1,30,5,3,3,4,9.8,2,1932
1,2019,1,30,6,0,3,4,9.8,2,3276
1,2019,1,30,6,1,3,4,9.8,2,3252
1,2019,1,30,6,2,3,4,9.8,2,3240
1,2019,1,30,6,3,3,4,9.8,2,3248
1,2019,1,30,7,0,3,4,9.8,2,3236
1,2019,1,30,7,1,3,4,9.8,2,3248
1,2019,1,30,7,2,3,4,9.8,2,3248
1,2019,1,30,7,3,3,4,9.8,2,3252
1,2019,1,30,8,0,3,4,9.8,2,3252
1,2019,1,30,8,1,3,4,9.8,1,3248
1,2019,1,30,8,2,3,4,9.8,1,3252
1,2019,1,30,8,3,3,4,9.8,1,3240
1,2019,1,30,9,0,3,4,9.8,1,3224
1,2019,1,30,9,1,3,4,9.8,1,3252
1,2019,1,30,9,2,3,4,9.8,1,3836
1,2019,1,30,9,3,3,4,9.8,1,3812
1,2019,1,30,10,0,3,4,9.8,1,3828
1,2019,1,30,10,1,3,4,9.8,3,3816
1,2019,1,30,10,2,3,4,9.8,3,3820
1,2019,1,30,10,3,3,4,9.8,3,3816
1,2019,1,30,11,0,3,4,9.8,3,4688
1,2019,1,30,11,1,3,4,9.8,3,4664
1,2019,1,30,11,2,3,4,9.8,3,4676
1,2019,1,30,11,3,3,4,9.8,3,4700
1,2019,1,30,12,0,3,4,9.8,3,4680
1,2019,1,30,12,1,3,4,9.8,1,4680
1,2019,1,30,12,2,3,4,9.8,1,6484
1,2019,1,30,12,3,3,4,9.8,1,6504
1,2019,1,30,13,0,3,4,9.8,1,6480
1,2019,1,30,13,1,3,4,9.8,1,6472
1,2019,1,30,13,2,3,4,9.8,1,6472
1,2019,1,30,13,3,3,4,9.8,1,6488
1,2019,1,30,14,0,3,4,9.8,1,6468
1,2019,1,30,14,1,3,4,9.8,1,6464
1,2019,1,30,14,2,3,4,9.8,1,6468
1,2019,1,30,14,3,3,4,9.8,1,6464
1,2019,1,30,15,0,3,4,9.8,1,6492
1,2019,1,30,15,1,3,4,9.8,1,6492
1,2019,1,30,15,2,3,4,9.8,1,6468
1,2019,1,30,15,3,3,4,9.8,1,6476
1,2019,1,30,16,0,3,4,9.8,1,6456
1,2019,1,30,16,1,3,4,9.8,2,6476
1,2019,1,30,16,2,3,4,9.8,2,6156
1,2019,1,30,16,3,3,4,9.8,2,6188
1,2019,1,30,17,0,3,4,9.8,2,6204
1,2019,1,30,17,1,3,4,9.8,2,6156
1,2019,1,30,17,2,3,4,9.8,2,6148
1,2019,1,30,17,3,3,4,9.8,2,6164
1,2019,1,30,18,0,3,4,9.8,2,6188
1,2019,1,30,18,1,3,4,9.8,4,6180
1,2019,1,30,18,2,3,4,9.8,4,6148
1,2019,1,30,18,3,3,4,9.8,4,6192
1,2019,1,30,19,0,3,4,9.8,4,6192
1,2019,1,30,19,1,3,4,9.8,4,6180
1,2019,1,30,19,2,3,4,9.8,4,6176
1,2019,1,30,19,3,3,4,9.8,4,6200
1,2019,1,30,20,0,3,4,9.8,4,6164
1,2019,1,30,20,1,3,4,9.8,4,6176
1,2019,1,30,20,2,3,4,9.8,4,6188
1,2019,1,30,20,3,3,4,9.8,4,6188
1,2019,1,30,21,0,3,4,9.8,4,6192
1,2019,1,30,21,1,3,4,9.8,4,6180
1,2019,1,30,21,2,3,4,9.8,4,6200
1,2019,1,30,21,3,3,4,9.8,4,6180
1,2019,1,30,22,0,3,4,9.8,4,6180
1,2019,1,30,22,1,3,4,9.8,4,4832
1,2019,1,30,22,2,3,4,9.8,4,4824
1,2019,1,30,22,3,3,4,9.8,4,4824
1,2019,1,30,23,0,3,4,9.8,4,4836
1,2019,1,30,23,1,3,4,9.8,4,4800
1,2019,1,30,23,2,3,4,9.8,4,4812
1,2019,1,30,23,3,3,4,9.8,4,4820
1,2019,1,31,0,0,3,4,9.8,4,4836
1,2019,1,31,0,1,4,4,6.8,2,4848
1,2019,1,31,0,2,4,4,6.8,2,3048
1,2019,1,31,0,3,4,4,6.8,2,2208
1,2019,1,31,1,0,4,4,6.8,2,2208
1,2019,1,31,1,1,4,4,6.8,4,2192
1,2019,1,31,1,2,4,4,6.8,4,2184
1,2019,1,31,1,3,4,4,6.8,4,2196
1,2019,1,31,2,0,4,4,6.8,4,2196
1,2019,1,31,2,1,4,4,6.8,4,2208
1,2019,1,31,2,2,4,4,6.8,4,2204
1,2019,1,31,2,3,4,4,6.8,4,2184
1,2019,1,31,3,0,4,4,6.8,4,2208
1,2019,1,31,3,1,4,4,6.8,4,2184
1,2019,1,31,3,2,4,4,6.8,4,2172
1,2019,1,31,3,3,4,4,6.8,4,2172
1,2019,1,31,4,0,4,4,6.8,4,2160
1,2019,1,31,4,1,4,4,6.8,4,2184
1,2019,1,31,4,2,4,4,6.8,4,2168
1,2019,1,31,4,3,4,4,6.8,4,2188
1,2019,1,31,5,0,4,4,6.8,4,2172
1,2019,1,31,5,1,4,4,6.8,4,2184
1,2019,1,31,5,2,4,4,6.8,4,2184
1,2019,1,31,5,3,4,4,6.8,4,2184
1,2019,1,31,6,0,4,4,6.8,4,2172
1,2019,1,31,6,1,4,4,6.8,4,2180
1,2019,1,31,6,2,4,4,6.8,4,2196
1,2019,1,31,6,3,4,4,6.8,4,2196
1,2019,1,31,7,0,4,4,6.8,4,2184
1,2019,1,31,7,1,4,4,6.8,4,2160
1,2019,1,31,7,2,4,4,6.8,4,2172
1,2019,1,31,7,3,4,4,6.8,4,2180
1,2019,1,31,8,0,4,4,6.8,4,2196
1,2019,1,31,8,1,4,4,6.8,4,2168
1,2019,1,31,8,2,4,4,6.8,4,2168
1,2019,1,31,8,3,4,4,6.8,4,2180
1,2019,1,31,9,0,4,4,6.8,4,2168
1,2019,1,31,9,1,4,4,6.8,4,2168
1,2019,1,31,9,2,4,4,6.8,4,2180
1,2019,1,31,9,3,4,4,6.8,4,2196
1,2019,1,31,10,0,4,4,6.8,4,2172
1,2019,1,31,10,1,4,4,6.8,4,3576
1,2019,1,31,10,2,4,4,6.8,4,4404
1,2019,1,31,10,3,4,4,6.8,4,4388
1,2019,1,31,11,0,4,4,6.8,4,4380
1,2019,1,31,11,1,4,4,6.8,4,4364
1,2019,1,31,11,2,4,4,6.8,4,4364
1,2019,1,31,11,3,4,4,6.8,4,4404
1,2019,1,31,12,0,4,4,6.8,4,6192
1,2019,1,31,12,1,4,4,6.8,4,6168
1,2019,1,31,12,2,4,4,6.8,4,6168
1,2019,1,31,12,3,4,4,6.8,4,6156
1,2019,1,31,13,0,4,4,6.8,4,6156
1,2019,1,31,13,1,4,4,6.8,4,6176
1,2019,1,31,13,2,4,4,6.8,4,6176
1,2019,1,31,13,3,4,4,6.8,4,6188
1,2019,1,31,14,0,4,4,6.8,4,6168
1,2019,1,31,14,1,4,4,6.8,4,6156
1,2019,1,31,14,2,4,4,6.8,4,6156
1,2019,1,31,14,3,4,4,6.8,4,6180
1,2019,1,31,15,0,4,4,6.8,4,6180
1,2019,1,31,15,1,4,4,6.8,3,6180
1,2019,1,31,15,2,4,4,6.8,3,5868
1,2019,1,31,15,3,4,4,6.8,3,5880
1,2019,1,31,16,0,4,4,6.8,3,5892
1,2019,1,31,16,1,4,4,6.8,3,5876
1,2019,1,31,16,2,4,4,6.8,3,5880
1,2019,1,31,16,3,4,4,6.8,3,5892
1,2019,1,31,17,0,4,4,6.8,3,5864
1,2019,1,31,17,1,4,4,6.8,2,5880
1,2019,1,31,17,2,4,4,6.8,2,5868
1,2019,1,31,17,3,4,4,6.8,2,5868
1,2019,1,31,18,0,4,4,6.8,2,5880
1,2019,1,31,18,1,4,4,6.8,1,5892
1,2019,1,31,18,2,4,4,6.8,1,5876
1,2019,1,31,18,3,4,4,6.8,1,5892
1,2019,1,31,19,0,4,4,6.8,1,5880
1,2019,1,31,19,1,4,4,6.8,4,5880
1,2019,1,31,19,2,4,4,6.8,4,5868
1,2019,1,31,19,3,4,4,6.8,4,5880
1,2019,1,31,20,0,4,4,6.8,4,5880
1,2019,1,31,20,1,4,4,6.8,2,5888
1,2019,1,31,20,2,4,4,6.8,2,5876
1,2019,1,31,20,3,4,4,6.8,2,5860
1,2019,1,31,21,0,4,4,6.8,2,5880
1,2019,1,31,21,1,4,4,6.8,1,5876
1,2019,1,31,21,2,4,4,6.8,1,6156
1,2019,1,31,21,3,4,4,6.8,1,6324
1,2019,1,31,22,0,4,4,6.8,1,6324
1,2019,1,31,22,1,4,4,6.8,1,6316
1,2019,1,31,22,2,4,4,6.8,1,6324
1,2019,1,31,22,3,4,4,6.8,1,6324
1,2019,1,31,23,0,4,4,6.8,1,6296
1,2019,1,31,23,1,4,4,6.8,1,6296
1,2019,1,31,23,2,4,4,6.8,1,6324
1,2019,1,31,23,3,4,4,6.8,1,6332
